{
  "format_version": "1.8.0",
  "animations": {
    "animation.inferno.move": {
      "loop": true,
      "bones": {
        "head": {
          "position": [ 0.0, "Math.cos(query.life_time * 343.774) * 1.6", 0.0 ]
        },
		"outer_ring": {
          "rotation": {
		    "0.1333": [ 0, 0, 0 ],
			"20000.0": [ 4000000, 0, 0]
		  }
		},
		"center_ring": {
          "rotation": {
		    "0.1333": [ 0, 0, 0 ],
			"20000.0": [ 4000000, 0, 0]
		  }
		},
		"inner_ring": {
          "rotation": {
		    "0.1333": [ 0, 0, 0 ],
			"20000.0": [ 4000000, 0, 0]
		  }
		}
      }
    }
  }
}