{
  "format_version": "1.8.0",
  "minecraft:client_entity": {
    "description": {
      "identifier": "raigen:black_slime",
      "materials": {
	    "default": "glass",
	    "invisible": "glow_glass_blender"
	  },
      "textures": {
        "default": "textures/level_1_10/black_slime"
      },
      "geometry": {
        "default": "geometry.black_slime"
      },
      "spawn_egg": {
        "texture": "spawn_egg",
        "texture_index": 62
      },
      "render_controllers": [ "controller.render.glass" ]
    }
  }
}