{
	"format_version": "1.8.0",
	"geometry.black_slime": {
		"texturewidth": 64,
		"textureheight": 64,
		"visible_bounds_width": 2,
		"visible_bounds_height": 2,
		"visible_bounds_offset": [0, 1, 0],
		"bones": [
			{
				"name": "slime",
				"pivot": [0, 4, 0],
				"cubes": [
					{"origin": [-8, 0, -8], "size": [16, 16, 16], "uv": [0, 32], "inflate": 1},
					{"origin": [-5, 10, -7], "size": [2, 2, 2], "uv": [0, 40], "inflate": 1},
					{"origin": [3, 10, -8], "size": [2, 2, 2], "uv": [0, 40], "inflate": 0.5},
					{"origin": [1, 3, -8], "size": [2, 2, 2], "uv": [0, 40]}
				]
			},
			{
				"name": "bones",
				"pivot": [0, 0, 0],
				"cubes": [
					{"origin": [-8, 0, -8], "size": [16, 16, 16], "uv": [0, 0], "inflate": -3}
				]
			}
		]
	}
}