{
	"format_version": "1.8.0",
	"geometry.bloodshed": {
		"texturewidth": 64,
		"textureheight": 64,
		"visible_bounds_width": 1,
		"visible_bounds_height": 2,
		"visible_bounds_offset": [0, 1, 0],
		"bones": [
			{
				"name": "body",
				"pivot": [0, 18, 2],
				"reset": true,
				"cubes": [
					{"origin": [-4, 12, -2], "size": [8, 12, 4], "uv": [16, 16]},
					{"origin": [-4, 12, -2], "size": [8, 12, 4], "uv": [16, 48], "inflate": 0.25}
				]
			},
			{
				"name": "head",
				"pivot": [0, 24, 0],
				"reset": true,
				"cubes": [
					{"origin": [-4, 24, -4], "size": [8, 8, 8], "uv": [0, 0]},
					{"origin": [-4, 24, -4], "size": [8, 8, 8], "uv": [0, 32], "inflate": 0.25}
				]
			},
			{
				"name": "right_leg",
				"pivot": [-2, 12, 0],
				"cubes": [
					{"origin": [-3, 0, -1], "size": [2, 12, 2], "uv": [0, 16]},
					{"origin": [-4, 0, -2], "size": [4, 12, 4], "uv": [0, 48], "inflate": 0.25}
				]
			},
			{
				"name": "left_leg",
				"pivot": [2, 12, 0],
				"mirror": true,
				"cubes": [
					{"origin": [1, 0, -1], "size": [2, 12, 2], "uv": [0, 16]},
					{"origin": [0, 0, -2], "size": [4, 12, 4], "uv": [0, 48], "inflate": 0.25}
				]
			},
			{
				"name": "right_arm",
				"pivot": [-4, 22, 0],
				"cubes": [
					{"origin": [-6, 12, -1], "size": [2, 12, 2], "uv": [40, 16]},
					{"origin": [-7, 12, -2], "size": [4, 12, 4], "uv": [39, 48], "inflate": 0.25}
				]
			},
			{
				"name": "left_arm",
				"pivot": [4, 22, 0],
				"mirror": true,
				"cubes": [
					{"origin": [4, 12, -1], "size": [2, 12, 2], "uv": [40, 16]},
					{"origin": [3, 12, -2], "size": [4, 12, 4], "uv": [39, 48], "inflate": 0.25}
				]
			}
		]
	}
}