{
	"format_version": "1.8.0",
	"geometry.blood_slime": {
		"texturewidth": 64,
		"textureheight": 64,
		"visible_bounds_width": 2,
		"visible_bounds_height": 2,
		"visible_bounds_offset": [0, 1, 0],
		"bones": [
			{
				"name": "slime",
				"pivot": [0, 4, 0],
				"cubes": [
					{"origin": [-8, 0, -8], "size": [16, 16, 16], "uv": [0, 32], "inflate": 1}
				]
			},
			{
				"name": "head",
				"pivot": [0, 8, -4],
				"cubes": [
					{"origin": [-4, 4, -8], "size": [8, 8, 8], "uv": [0, 0]}
				]
			},
			{
				"name": "dead_body",
				"pivot": [0, 0, 0],
				"rotation": [-10, 15, 0],
				"cubes": [
					{"origin": [-5, 3, 1], "size": [8, 12, 4], "uv": [32, 0]}
				]
			},
			{
				"name": "dead_arm",
				"pivot": [0, 0, 0],
				"rotation": [15, 20, 35],
				"cubes": [
					{"origin": [-12, 0.5, -1], "size": [4, 12, 4], "uv": [0, 16], "inflate": -0.3}
				]
			},
			{
				"name": "dead_leg",
				"pivot": [0, 0, 0],
				"rotation": [-25, 15, 0],
				"cubes": [
					{"origin": [4, 0, -4.3], "size": [4, 12, 4], "uv": [16, 16]}
				]
			}
		]
	}
}