{
	"format_version": "1.8.0",
	"geometry.crawler": {
		"texturewidth": 80,
		"textureheight": 80,
		"visible_bounds_width": 2,
		"visible_bounds_height": 1,
		"visible_bounds_offset": [0, 0.5, 0],
		"bones": [
			{
				"name": "body",
				"pivot": [0, 0, 0],
				"rotation": [-10, 0, 0],
				"cubes": [
					{"origin": [-4, 0, -8], "size": [8, 4, 12], "uv": [0, 0]}
				]
			},
			{
				"name": "left_leg",
				"parent": "body",
				"pivot": [2, 2, 4],
				"rotation": [10, 20, 0],
				"mirror": true,
				"cubes": [
					{"origin": [0, 0, 4], "size": [4, 4, 12], "uv": [0, 16]}
				]
			},
			{
				"name": "head",
				"parent": "body",
				"pivot": [0, 2, -8],
				"cubes": [
					{"origin": [-4, 2, -12], "size": [8, 8, 8], "uv": [40, 0]}
				]
			},
			{
				"name": "left_arm",
				"parent": "body",
				"pivot": [4, 2, -6],
				"rotation": [0, 0, 5],
				"mirror": true,
				"cubes": [
					{"origin": [4, 0, -8], "size": [12, 4, 4], "uv": [0, 32]}
				]
			},
			{
				"name": "right_arm",
				"parent": "body",
				"pivot": [-4, 2, -6],
				"rotation": [0, 0, -5],
				"cubes": [
					{"origin": [-16, 0, -8], "size": [12, 4, 4], "uv": [0, 32]}
				]
			},
			{
				"name": "right_leg",
				"parent": "body",
				"pivot": [-2, 2, 4],
				"rotation": [10, -20, 0],
				"cubes": [
					{"origin": [-4, 0, 4], "size": [4, 4, 12], "uv": [0, 16]}
				]
			}
		]
	}
}