{
	"format_version": "1.8.0",
	"geometry.goblin": {
		"texturewidth": 64,
		"textureheight": 64,
		"visible_bounds_width": 1,
		"visible_bounds_height": 2,
		"visible_bounds_offset": [0, 1, 0],
		"bones": [
			{
				"name": "left_leg",
				"pivot": [2.5, 8, 0],
				"rotation": [45, 0, 0],
				"cubes": [
					{"origin": [1, 7, -4], "size": [2, 2, 5], "uv": [36, 14]},
					{"origin": [1, 2, -6], "size": [2, 7, 2], "uv": [0, 34]}
				]
			},
			{
				"name": "left_foot",
				"parent": "left_leg",
				"pivot": [2, 2, -6],
				"rotation": [-45, 0, 0],
				"cubes": [
					{"origin": [1, 2, -9], "size": [2, 1, 3], "uv": [10, 43], "inflate": 0.02}
				]
			},
			{
				"name": "right_leg",
				"pivot": [-2.5, 8, 0],
				"rotation": [45, 0, 0],
				"cubes": [
					{"origin": [-3, 7, -4], "size": [2, 2, 5], "uv": [0, 23]},
					{"origin": [-3, 2, -6], "size": [2, 7, 2], "uv": [30, 23]}
				]
			},
			{
				"name": "right_foot",
				"parent": "right_leg",
				"pivot": [-2, 2, -6],
				"rotation": [-45, 0, 0],
				"cubes": [
					{"origin": [-3, 2, -9], "size": [2, 1, 3], "uv": [0, 43], "inflate": 0.02}
				]
			},
			{
				"name": "body",
				"pivot": [0, 0, 0],
				"cubes": [
					{"origin": [-3.5, 8, -1.5], "size": [7, 10, 3], "uv": [28, 0]},
					{"origin": [-3.5, 8, -1.5], "size": [7, 10, 3], "uv": [36, 43], "inflate": 0.25}
				]
			},
			{
				"name": "left_arm",
				"pivot": [3.5, 18, 0],
				"rotation": [15, 0, -10],
				"cubes": [
					{"origin": [3.5, 13, -1], "size": [2, 5, 2], "uv": [24, 34]},
					{"origin": [3.5, 11, -6], "size": [2, 2, 7], "uv": [18, 14]}
				]
			},
			{
				"name": "right_arm",
				"pivot": [-3.5, 18, 0],
				"rotation": [15, 0, 10],
				"cubes": [
					{"origin": [-5.5, 13, -1], "size": [2, 5, 2], "uv": [16, 34]},
					{"origin": [-5.5, 11, -6], "size": [2, 2, 7], "uv": [0, 14]},
					{"origin": [-5.5, 13.5, -6], "size": [2, 9, 2], "uv": [14, 23]},
					{"origin": [-5.75, 15.5, -5.5], "size": [1, 6, 1], "uv": [0, 50]},
					{"origin": [-4.25, 15.5, -5.5], "size": [1, 6, 1], "uv": [4, 50]},
					{"origin": [-5, 15.5, -4.75], "size": [1, 6, 1], "uv": [28, 43]},
					{"origin": [-5, 15.5, -6.25], "size": [1, 6, 1], "uv": [32, 43]},
					{"origin": [-5, 9.5, -5.5], "size": [1, 4, 1], "uv": [14, 50]}
				]
			},
			{
				"name": "head",
				"pivot": [0, 18, 0],
				"cubes": [
					{"origin": [-3.5, 18, -3.5], "size": [7, 7, 7], "uv": [0, 0]},
					{"origin": [-3.5, 18, -3.5], "size": [7, 7, 7], "uv": [36, 29], "inflate": 0.25}
				]
			},
			{
				"name": "nose",
				"parent": "head",
				"pivot": [0, 23, -3.5],
				"rotation": [10, 0, 0],
				"cubes": [
					{"origin": [-0.5, 21, -5.5], "size": [1, 2, 2], "uv": [8, 50]},
					{"origin": [-0.5, 20, -6.5], "size": [1, 1, 3], "uv": [20, 43]}
				]
			},
			{
				"name": "left_ear",
				"parent": "head",
				"pivot": [3.5, 22.5, -1],
				"rotation": [15, 10, 3],
				"cubes": [
					{"origin": [3.5, 20, -1], "size": [0, 5, 4], "uv": [8, 34]}
				]
			},
			{
				"name": "right_ear",
				"parent": "head",
				"pivot": [-3.5, 22.5, -1],
				"rotation": [15, -10, -3],
				"cubes": [
					{"origin": [-3.5, 20, -1], "size": [0, 5, 4], "uv": [22, 23]}
				]
			}
		]
	}
}