{
	"geometry.ramwolf": {
		"texturewidth": 64,
		"textureheight": 32,
		"visible_bounds_width": 2,
		"visible_bounds_height": 2,
		"visible_bounds_offset": [0, 1, 0],
		"bones": [
			{
				"name": "head",
				"pivot": [-1, 10.5, -7],
				"cubes": [
					{"origin": [-3, 7.5, -9], "size": [6, 6, 4], "uv": [0, 0]},
					{"origin": [-3, 13.5, -7], "size": [2, 2, 1], "uv": [16, 14]},
					{"origin": [1, 13.5, -7], "size": [2, 2, 1], "uv": [16, 14]},
					{"origin": [-1.5, 7.66563, -12], "size": [3, 3, 4], "uv": [0, 10]}
				]
			},
			{
				"name": "left_horn",
				"parent": "head",
				"pivot": [3, 12, -6],
				"rotation": [-15, -25, 0],
				"cubes": [
					{"origin": [3, 11.5, -12], "size": [1, 1, 2], "uv": [48, 16]},
					{"origin": [2.5, 11, -10], "size": [2, 2, 3], "uv": [48, 16]},
					{"origin": [2, 10.5, -7], "size": [3, 3, 4], "uv": [48, 16]}
				]
			},
			{
				"name": "right_horn",
				"parent": "head",
				"pivot": [-3, 12, -6],
				"rotation": [-15, 25, 0],
				"cubes": [
					{"origin": [-4, 11.5, -12], "size": [1, 1, 2], "uv": [48, 16]},
					{"origin": [-4.5, 11, -10], "size": [2, 2, 3], "uv": [48, 16]},
					{"origin": [-5, 10.5, -7], "size": [3, 3, 4], "uv": [48, 16]}
				]
			},
			{
				"name": "body_1",
				"pivot": [0, 10, 2],
				"rotation": [90, 0, 0],
				"cubes": [
					{"origin": [-3, 3, -1], "size": [6, 9, 6], "uv": [18, 14]}
				]
			},
			{
				"name": "body_2",
				"pivot": [-1, 10, 2],
				"rotation": [90, 0, 0],
				"cubes": [
					{"origin": [-4, 12, -1], "size": [8, 6, 7], "uv": [21, 0]}
				]
			},
			{
				"name": "right_leg",
				"pivot": [-2.5, 8, 7],
				"cubes": [
					{"origin": [-2.5, 0, 6], "size": [2, 8, 2], "uv": [0, 18]}
				]
			},
			{
				"name": "left_leg",
				"pivot": [0.5, 8, 7],
				"cubes": [
					{"origin": [0.5, 0, 6], "size": [2, 8, 2], "uv": [0, 18]}
				]
			},
			{
				"name": "right_arm",
				"pivot": [-2.5, 8, -4],
				"cubes": [
					{"origin": [-2.5, 0, -5], "size": [2, 8, 2], "uv": [0, 18]}
				]
			},
			{
				"name": "left_arm",
				"pivot": [0.5, 8, -4],
				"cubes": [
					{"origin": [0.5, 0, -5], "size": [2, 8, 2], "uv": [0, 18]}
				]
			},
			{
				"name": "tail",
				"pivot": [-1, 12, 8],
				"rotation": [15, 0, 0],
				"cubes": [
					{"origin": [-1, 4, 7], "size": [2, 8, 2], "uv": [9, 18]}
				]
			},
			{
				"name": "spikes",
				"pivot": [0, 13, -5],
				"rotation": [-25, 0, 0],
				"cubes": [
					{"origin": [-1.5, 13, -5], "size": [3, 4, 3], "uv": [48, 16]},
					{"origin": [-1, 17, -4.5], "size": [2, 3, 2], "uv": [48, 16]},
					{"origin": [-0.5, 20, -4], "size": [1, 2, 1], "uv": [48, 16]},
					{"origin": [-1.5, 13, -0.5], "size": [3, 4, 3], "uv": [48, 16]},
					{"origin": [-1, 17, 0], "size": [2, 3, 2], "uv": [48, 16]},
					{"origin": [-0.5, 20, 0.5], "size": [1, 2, 1], "uv": [48, 16]},
					{"origin": [-1, 17, 4.5], "size": [2, 3, 2], "uv": [48, 16]},
					{"origin": [-0.5, 20, 5], "size": [1, 2, 1], "uv": [48, 16]}
				]
			}
		]
	}
}