{
	"format_version": "1.8.0",
	"geometry.shroombit": {
		"texturewidth": 112,
		"textureheight": 112,
		"visible_bounds_width": 2,
		"visible_bounds_height": 2,
		"visible_bounds_offset": [0, 1, 0],
		"bones": [
			{
				"name": "body",
				"pivot": [0, 4, 0],
				"cubes": [
					{"origin": [-4, 4, -4], "size": [8, 10, 8], "uv": [40, 19]},
					{"origin": [-5, 14, -9], "size": [10, 1, 18], "uv": [0, 0]},
					{"origin": [-9, 14, -5], "size": [4, 1, 10], "uv": [72, 19]},
					{"origin": [5, 14, -5], "size": [4, 1, 10], "uv": [0, 37]},
					{"origin": [-8, 14, -8], "size": [3, 1, 3], "uv": [38, 69]},
					{"origin": [5, 14, -8], "size": [3, 1, 3], "uv": [36, 65]},
					{"origin": [5, 14, 5], "size": [3, 1, 3], "uv": [0, 69]},
					{"origin": [-8, 14, 5], "size": [3, 1, 3], "uv": [26, 69]},
					{"origin": [-2, 14, 9], "size": [4, 1, 1], "uv": [26, 78]},
					{"origin": [-2, 14, -10], "size": [4, 1, 1], "uv": [26, 76]},
					{"origin": [9, 14, -2], "size": [1, 1, 4], "uv": [60, 69]},
					{"origin": [-10, 14, -2], "size": [1, 1, 4], "uv": [50, 69]},
					{"origin": [-7, 15, -7], "size": [14, 2, 14], "uv": [56, 0]},
					{"origin": [7, 15, -4], "size": [1, 2, 8], "uv": [42, 48]},
					{"origin": [-8, 15, -4], "size": [1, 2, 8], "uv": [24, 48]},
					{"origin": [-4, 15, -8], "size": [8, 2, 1], "uv": [22, 58]},
					{"origin": [-4, 15, 7], "size": [8, 2, 1], "uv": [0, 60]},
					{"origin": [8, 15, -1], "size": [1, 2, 2], "uv": [16, 84]},
					{"origin": [-9, 15, -1], "size": [1, 2, 2], "uv": [10, 84]},
					{"origin": [-1, 15, -9], "size": [2, 2, 1], "uv": [34, 84]},
					{"origin": [-1, 15, 8], "size": [2, 2, 1], "uv": [28, 84]},
					{"origin": [-5, 17, -5], "size": [10, 2, 10], "uv": [0, 19]},
					{"origin": [5, 17, -5], "size": [1, 1, 10], "uv": [28, 37]},
					{"origin": [-6, 17, -5], "size": [1, 1, 10], "uv": [50, 37]},
					{"origin": [-5, 17, -6], "size": [10, 1, 1], "uv": [0, 58]},
					{"origin": [-5, 17, 5], "size": [10, 1, 1], "uv": [60, 48]},
					{"origin": [-3, 17, 6], "size": [6, 1, 1], "uv": [12, 69]},
					{"origin": [-3, 17, -7], "size": [6, 1, 1], "uv": [48, 65]},
					{"origin": [6, 17, -3], "size": [1, 1, 6], "uv": [40, 58]},
					{"origin": [-7, 17, -3], "size": [1, 1, 6], "uv": [54, 58]},
					{"origin": [-8, 17, -0.5], "size": [1, 1, 1], "uv": [52, 84]},
					{"origin": [-0.5, 17, -8], "size": [1, 1, 1], "uv": [52, 86]},
					{"origin": [7, 17, -0.5], "size": [1, 1, 1], "uv": [56, 86]},
					{"origin": [-0.5, 17, 7], "size": [1, 1, 1], "uv": [56, 84]},
					{"origin": [5, 18, -2], "size": [1, 1, 4], "uv": [0, 74]},
					{"origin": [-6, 18, -2], "size": [1, 1, 4], "uv": [70, 69]},
					{"origin": [-2, 18, -6], "size": [4, 1, 1], "uv": [26, 74]},
					{"origin": [-2, 18, 5], "size": [4, 1, 1], "uv": [0, 84]},
					{"origin": [-3, 19, -3], "size": [6, 1, 6], "uv": [0, 48]},
					{"origin": [3, 19, -1], "size": [1, 1, 2], "uv": [40, 84]},
					{"origin": [-4, 19, -1], "size": [1, 1, 2], "uv": [22, 84]},
					{"origin": [-1, 19, -4], "size": [2, 1, 1], "uv": [46, 86]},
					{"origin": [-1, 19, 3], "size": [2, 1, 1], "uv": [46, 84]}
				]
			},
			{
				"name": "front_left_leg",
				"pivot": [4, 4.5, -4],
				"rotation": [-18, 45, -25],
				"cubes": [
					{"origin": [3.5, 4, -4.5], "size": [8, 1, 1], "uv": [18, 67]},
					{"origin": [11.5, -4, -4.5], "size": [1, 9, 1], "uv": [22, 74]}
				]
			},
			{
				"name": "front_right_leg",
				"pivot": [-4, 4.5, -4],
				"rotation": [18, 135, 25],
				"cubes": [
					{"origin": [-4.5, 4, -4.5], "size": [8, 1, 1], "uv": [18, 65]},
					{"origin": [3.5, -4, -4.5], "size": [1, 9, 1], "uv": [14, 74]}
				]
			},
			{
				"name": "rear_right_leg",
				"pivot": [-4, 4.5, 4],
				"rotation": [-18, -135, 25],
				"cubes": [
					{"origin": [-4.5, 4, 3.5], "size": [8, 1, 1], "uv": [0, 67]},
					{"origin": [3.5, -4, 3.5], "size": [1, 9, 1], "uv": [18, 74]}
				]
			},
			{
				"name": "rear_left_leg",
				"pivot": [4, 4.5, 4],
				"rotation": [18, -45, -25],
				"cubes": [
					{"origin": [3.5, 4, 3.5], "size": [8, 1, 1], "uv": [0, 65]},
					{"origin": [11.5, -4, 3.5], "size": [1, 9, 1], "uv": [10, 74]}
				]
			}
		]
	}
}