{
	"format_version": "1.8.0",
	"geometry.vained_time": {
		"texturewidth": 160,
		"textureheight": 160,
		"visible_bounds_width": 4,
		"visible_bounds_height": 3,
		"visible_bounds_offset": [0, 1.5, 0],
		"bones": [
			{
				"name": "clock",
				"pivot": [0, 36, 0],
				"cubes": [
					{"origin": [-4, 32, -4], "size": [8, 8, 8], "uv": [0, 112]},
					{"origin": [-13, 32, -4], "size": [8, 8, 8], "uv": [96, 80]},
					{"origin": [5, 32, -4], "size": [8, 8, 8], "uv": [32, 112]},
					{"origin": [-4, 41, -4], "size": [8, 8, 8], "uv": [64, 112]},
					{"origin": [-4, 23, -4], "size": [8, 8, 8], "uv": [96, 112]},
					{"origin": [-4, 32, -13], "size": [8, 8, 8], "uv": [128, 112]},
					{"origin": [-4, 32, 5], "size": [8, 8, 8], "uv": [40, 60]}
				]
			},
			{
				"name": "top_row",
				"parent": "clock",
				"pivot": [0, 36, 0],
				"cubes": [
					{"origin": [-4, 50, 14], "size": [8, 8, 8], "uv": [64, 80]},
					{"origin": [14, 50, -4], "size": [8, 8, 8], "uv": [128, 80]},
					{"origin": [-4, 50, -22], "size": [8, 8, 8], "uv": [0, 128]},
					{"origin": [-22, 50, -4], "size": [8, 8, 8], "uv": [0, 96]}
				]
			},
			{
				"name": "center_row",
				"parent": "clock",
				"pivot": [0, 36, 0],
				"cubes": [
					{"origin": [23, 32, -4], "size": [8, 8, 8], "uv": [0, 80]},
					{"origin": [-4, 32, -31], "size": [8, 8, 8], "uv": [104, 60]},
					{"origin": [-31, 32, -4], "size": [8, 8, 8], "uv": [32, 80]},
					{"origin": [-4, 32, 23], "size": [8, 8, 8], "uv": [72, 60]}
				]
			},
			{
				"name": "bottom_row",
				"parent": "clock",
				"pivot": [0, 36, 0],
				"cubes": [
					{"origin": [-22, 14, -4], "size": [8, 8, 8], "uv": [64, 96]},
					{"origin": [14, 14, -4], "size": [8, 8, 8], "uv": [96, 96]},
					{"origin": [-4, 14, -22], "size": [8, 8, 8], "uv": [32, 96]},
					{"origin": [-4, 14, 14], "size": [8, 8, 8], "uv": [128, 96]}
				]
			},
			{
				"name": "top_halo",
				"parent": "clock",
				"pivot": [0, 36, 0],
				"cubes": [
					{"origin": [-10, 50, -10], "size": [20, 0, 20], "uv": [0, 0]}
				]
			},
			{
				"name": "north_halo",
				"parent": "clock",
				"pivot": [0, 36, 0],
				"cubes": [
					{"origin": [-10, 26, -14], "size": [20, 20, 0], "uv": [0, 60]}
				]
			},
			{
				"name": "east_halo",
				"parent": "clock",
				"pivot": [0, 36, 0],
				"cubes": [
					{"origin": [-14, 26, -10], "size": [0, 20, 20], "uv": [0, 20]}
				]
			},
			{
				"name": "south_halo",
				"parent": "clock",
				"pivot": [0, 36, 0],
				"cubes": [
					{"origin": [-10, 26, 14], "size": [20, 20, 0], "uv": [80, 20]}
				]
			},
			{
				"name": "west_halo",
				"parent": "clock",
				"pivot": [0, 36, 0],
				"cubes": [
					{"origin": [14, 26, -10], "size": [0, 20, 20], "uv": [40, 20]}
				]
			},
			{
				"name": "bottom_halo",
				"parent": "clock",
				"pivot": [0, 36, 0],
				"cubes": [
					{"origin": [-10, 22, -10], "size": [20, 0, 20], "uv": [80, 0]}
				]
			}
		]
	}
}