{
	"format_version": "1.8.0",
	"geometry.wraith": {
		"texturewidth": 64,
		"textureheight": 32,
		"visible_bounds_width": 2,
		"visible_bounds_height": 2,
		"visible_bounds_offset": [0, 1, 0],
		"bones": [
			{
				"name": "all",
				"pivot": [0, 18, 2],
				"reset": true,
				"cubes": [
					{"origin": [-4, 12, -2], "size": [8, 12, 4], "uv": [32, 0]}
				]
			},
			{
				"name": "head",
				"parent": "all",
				"pivot": [0, 24, 0],
				"reset": true,
				"cubes": [
					{"origin": [-4, 24, -4], "size": [8, 8, 8], "uv": [0, 0]}
				]
			},
			{
				"name": "right_arm",
				"parent": "all",
				"pivot": [-4, 22, 0],
				"rotation": [-90, 0, 0],
				"cubes": [
					{"origin": [-8, 12, -2], "size": [4, 12, 4], "uv": [0, 16]}
				]
			},
			{
				"name": "left_arm",
				"parent": "all",
				"pivot": [4, 22, 0],
				"rotation": [-90, 0, 0],
				"mirror": true,
				"cubes": [
					{"origin": [4, 12, -2], "size": [4, 12, 4], "uv": [0, 16]}
				]
			},
			{
				"name": "tail",
				"parent": "all",
				"pivot": [0, 12, -2],
				"rotation": [20, 0, 0],
				"cubes": [
					{"origin": [-4, 8, -2], "size": [8, 4, 4], "uv": [16, 16]}
				]
			}
		]
	}
}