{
	"format_version": "1.8.0",
	"geometry.blitzir": {
		"texturewidth": 544,
		"textureheight": 256,
		"visible_bounds_width": 11,
		"visible_bounds_height": 4,
		"visible_bounds_offset": [0, 2, 0],
		"bones": [
			{
				"name": "head",
				"pivot": [0, 80, 0],
				"cubes": [
					{"origin": [-4, 76, -4], "size": [8, 8, 8], "uv": [32, 0]}
				]
			},
			{
				"name": "qr3verv",
				"pivot": [0, 80, 0],
				"rotation": [0, 0, -45],
				"cubes": [
					{"origin": [-4, 76, 36], "size": [8, 8, 8], "uv": [512, 0]},
					{"origin": [-44, 76, -4], "size": [8, 8, 8], "uv": [512, 0]},
					{"origin": [36, 76, -4], "size": [8, 8, 8], "uv": [512, 0]},
					{"origin": [-4, 76, -44], "size": [8, 8, 8], "uv": [512, 0]},
					{"origin": [-36, 80, -36], "size": [72, 0, 72], "uv": [0, 136]},
					{"origin": [-8, 72, 32], "size": [16, 16, 16], "uv": [448, 0]},
					{"origin": [-48, 72, -8], "size": [16, 16, 16], "uv": [448, 0]},
					{"origin": [-8, 72, -48], "size": [16, 16, 16], "uv": [448, 0]},
					{"origin": [32, 72, -8], "size": [16, 16, 16], "uv": [448, 0]}
				]
			},
			{
				"name": "4gtvrwbgvrt",
				"parent": "qr3verv",
				"pivot": [0, 80, 0],
				"rotation": [0, -45, 0],
				"cubes": [
					{"origin": [-4, 76, -44], "size": [8, 8, 8], "uv": [512, 0]},
					{"origin": [-44, 76, -4], "size": [8, 8, 8], "uv": [512, 0]},
					{"origin": [36, 76, -4], "size": [8, 8, 8], "uv": [512, 0]},
					{"origin": [-4, 76, 36], "size": [8, 8, 8], "uv": [512, 0]},
					{"origin": [-8, 72, 32], "size": [16, 16, 16], "uv": [448, 0]},
					{"origin": [-48, 72, -8], "size": [16, 16, 16], "uv": [448, 0]},
					{"origin": [-8, 72, -48], "size": [16, 16, 16], "uv": [448, 0]},
					{"origin": [32, 72, -8], "size": [16, 16, 16], "uv": [448, 0]}
				]
			},
			{
				"name": "etabbbfra",
				"pivot": [0, 80, 0],
				"rotation": [0, 0, 35],
				"cubes": [
					{"origin": [-76, 76, -4], "size": [8, 8, 8], "uv": [512, 16]},
					{"origin": [68, 76, -4], "size": [8, 8, 8], "uv": [512, 16]},
					{"origin": [-68, 80, -68], "size": [136, 0, 136], "uv": [0, 0]},
					{"origin": [-4, 76, -76], "size": [8, 8, 8], "uv": [512, 16]},
					{"origin": [-4, 76, 68], "size": [8, 8, 8], "uv": [512, 16]},
					{"origin": [64, 72, -8], "size": [16, 16, 16], "uv": [448, 32]},
					{"origin": [-80, 72, -8], "size": [16, 16, 16], "uv": [448, 32]},
					{"origin": [-8, 72, -80], "size": [16, 16, 16], "uv": [448, 32]},
					{"origin": [-8, 72, 64], "size": [16, 16, 16], "uv": [448, 32]}
				]
			},
			{
				"name": "ewgvgtv",
				"parent": "etabbbfra",
				"pivot": [0, 80, 0],
				"rotation": [0, -45, 0],
				"cubes": [
					{"origin": [68, 76, -4], "size": [8, 8, 8], "uv": [512, 16]},
					{"origin": [-76, 76, -4], "size": [8, 8, 8], "uv": [512, 16]},
					{"origin": [-4, 76, -76], "size": [8, 8, 8], "uv": [512, 16]},
					{"origin": [-4, 76, 68], "size": [8, 8, 8], "uv": [512, 16]},
					{"origin": [64, 72, -8], "size": [16, 16, 16], "uv": [448, 32]},
					{"origin": [-8, 72, 64], "size": [16, 16, 16], "uv": [448, 32]},
					{"origin": [-80, 72, -8], "size": [16, 16, 16], "uv": [448, 32]},
					{"origin": [-8, 72, -80], "size": [16, 16, 16], "uv": [448, 32]}
				]
			}
		]
	}
}