{
	"format_version": "1.8.0",
	"geometry.dusty_paladin": {
		"texturewidth": 64,
		"textureheight": 64,
		"visible_bounds_width": 3,
		"visible_bounds_height": 2,
		"visible_bounds_offset": [0, 1, 0],
		"bones": [
			{
				"name": "head",
				"pivot": [0, 24, 0],
				"cubes": [
					{"origin": [-4, 24, -4], "size": [8, 8, 8], "uv": [32, 32]},
					{"origin": [-4, 24, -4], "size": [8, 8, 8], "uv": [0, 32], "inflate": 0.25}
				]
			},
			{
				"name": "right_leg",
				"pivot": [-2, 12, 0],
				"cubes": [
					{"origin": [-4, 0, -2], "size": [4, 12, 4], "uv": [0, 16]},
					{"origin": [-4, 0, -2], "size": [4, 12, 4], "uv": [0, 48], "inflate": 0.5},
					{"origin": [-4, 0, -2], "size": [4, 12, 4], "uv": [32, 0], "inflate": 0.25}
				]
			},
			{
				"name": "left_leg",
				"pivot": [2, 12, 0],
				"mirror": true,
				"cubes": [
					{"origin": [0, 0, -2], "size": [4, 12, 4], "uv": [0, 16]},
					{"origin": [0, 0, -2], "size": [4, 12, 4], "uv": [0, 48], "inflate": 0.5},
					{"origin": [0, 0, -2], "size": [4, 12, 4], "uv": [32, 0], "inflate": 0.25}
				]
			},
			{
				"name": "right_arm",
				"pivot": [-4, 22, 0],
				"cubes": [
					{"origin": [-8, 12, -2], "size": [4, 12, 4], "uv": [40, 16]},
					{"origin": [-8, 12, -2], "size": [4, 12, 4], "uv": [40, 48], "inflate": 0.25}
				]
			},
			{
				"name": "sword",
				"parent": "right_arm",
				"pivot": [-5, 14, 0],
				"rotation": [45, 0, 0],
				"cubes": [
					{"origin": [-6, 11, 3], "size": [1, 1, 1], "uv": [16, 12]},
					{"origin": [-6, 11, 2], "size": [1, 1, 1], "uv": [16, 12]},
					{"origin": [-6, 11, 1], "size": [1, 1, 1], "uv": [16, 12]},
					{"origin": [-6, 12, 1], "size": [1, 1, 1], "uv": [16, 12]},
					{"origin": [-6, 12, 3], "size": [1, 1, 1], "uv": [16, 12]},
					{"origin": [-6, 13, 3], "size": [1, 1, 1], "uv": [16, 12]},
					{"origin": [-6, 13, 2], "size": [1, 1, 1], "uv": [16, 12]},
					{"origin": [-6, 12, 2], "size": [1, 1, 1], "uv": [16, 10]},
					{"origin": [-6, 13, 1], "size": [1, 1, 1], "uv": [16, 8]},
					{"origin": [-6, 15, -1], "size": [1, 1, 1], "uv": [16, 8]},
					{"origin": [-6, 14, 0], "size": [1, 1, 1], "uv": [20, 6]},
					{"origin": [-6, 14, 1], "size": [1, 1, 1], "uv": [16, 6]},
					{"origin": [-6, 15, 0], "size": [1, 1, 1], "uv": [16, 6]},
					{"origin": [-6, 13, 0], "size": [1, 1, 1], "uv": [20, 8]},
					{"origin": [-6, 14, -1], "size": [1, 1, 1], "uv": [20, 8]},
					{"origin": [-6, 16, -1], "size": [1, 1, 1], "uv": [16, 12]},
					{"origin": [-6, 15, -2], "size": [1, 1, 1], "uv": [16, 12]},
					{"origin": [-6, 17, -2], "size": [1, 1, 1], "uv": [16, 12]},
					{"origin": [-6, 18, -2], "size": [1, 1, 1], "uv": [16, 12]},
					{"origin": [-6, 16, -3], "size": [1, 1, 1], "uv": [16, 12]},
					{"origin": [-6, 16, -4], "size": [1, 1, 1], "uv": [16, 12]},
					{"origin": [-6, 14, -4], "size": [1, 1, 1], "uv": [16, 12]},
					{"origin": [-6, 14, -3], "size": [1, 1, 1], "uv": [16, 12]},
					{"origin": [-6, 17, 0], "size": [1, 1, 1], "uv": [16, 12]},
					{"origin": [-6, 18, 0], "size": [1, 1, 1], "uv": [16, 12]},
					{"origin": [-6, 19, 1], "size": [1, 1, 1], "uv": [16, 12]},
					{"origin": [-6, 20, 1], "size": [1, 1, 1], "uv": [16, 12]},
					{"origin": [-6, 20, 0], "size": [1, 1, 1], "uv": [16, 12]},
					{"origin": [-6, 19, -1], "size": [1, 1, 1], "uv": [16, 12]},
					{"origin": [-6, 15, -5], "size": [1, 1, 1], "uv": [16, 12]},
					{"origin": [-6, 14, -6], "size": [1, 1, 1], "uv": [16, 12]},
					{"origin": [-6, 13, -5], "size": [1, 1, 1], "uv": [16, 12]},
					{"origin": [-6, 13, -6], "size": [1, 1, 1], "uv": [16, 12]},
					{"origin": [-6, 14, -5], "size": [1, 1, 1], "uv": [16, 10]},
					{"origin": [-6, 19, 0], "size": [1, 1, 1], "uv": [16, 10]},
					{"origin": [-6, 15, -3], "size": [1, 1, 1], "uv": [20, 10]},
					{"origin": [-6, 17, -1], "size": [1, 1, 1], "uv": [20, 10]},
					{"origin": [-6, 16, -2], "size": [1, 1, 1], "uv": [16, 10]},
					{"origin": [-6, 18, -1], "size": [1, 1, 1], "uv": [16, 10]},
					{"origin": [-6, 15, -4], "size": [1, 1, 1], "uv": [16, 10]},
					{"origin": [-6, 17, -3], "size": [1, 1, 1], "uv": [16, 10]},
					{"origin": [-6, 17, -4], "size": [1, 1, 1], "uv": [16, 10]},
					{"origin": [-6, 18, -5], "size": [1, 1, 1], "uv": [16, 10]},
					{"origin": [-6, 19, -6], "size": [1, 1, 1], "uv": [16, 10]},
					{"origin": [-6, 20, -7], "size": [1, 1, 1], "uv": [16, 10]},
					{"origin": [-6, 21, -8], "size": [1, 1, 1], "uv": [16, 10]},
					{"origin": [-6, 23, -10], "size": [1, 1, 1], "uv": [16, 10]},
					{"origin": [-6, 22, -9], "size": [1, 1, 1], "uv": [16, 10]},
					{"origin": [-6, 24, -11], "size": [1, 1, 1], "uv": [16, 10]},
					{"origin": [-6, 17, -6], "size": [1, 1, 1], "uv": [16, 12]},
					{"origin": [-6, 18, -7], "size": [1, 1, 1], "uv": [16, 12]},
					{"origin": [-6, 19, -8], "size": [1, 1, 1], "uv": [16, 12]},
					{"origin": [-6, 20, -9], "size": [1, 1, 1], "uv": [16, 12]},
					{"origin": [-6, 21, -10], "size": [1, 1, 1], "uv": [16, 12]},
					{"origin": [-6, 22, -11], "size": [1, 1, 1], "uv": [16, 12]},
					{"origin": [-6, 23, -12], "size": [1, 1, 1], "uv": [16, 12]},
					{"origin": [-6, 24, -13], "size": [1, 1, 1], "uv": [16, 12]},
					{"origin": [-6, 27, -10], "size": [1, 1, 1], "uv": [16, 12]},
					{"origin": [-6, 26, -9], "size": [1, 1, 1], "uv": [16, 12]},
					{"origin": [-6, 25, -8], "size": [1, 1, 1], "uv": [16, 12]},
					{"origin": [-6, 24, -7], "size": [1, 1, 1], "uv": [16, 12]},
					{"origin": [-6, 22, -5], "size": [1, 1, 1], "uv": [16, 12]},
					{"origin": [-6, 23, -6], "size": [1, 1, 1], "uv": [16, 12]},
					{"origin": [-6, 20, -3], "size": [1, 1, 1], "uv": [16, 12]},
					{"origin": [-6, 21, -4], "size": [1, 1, 1], "uv": [16, 12]},
					{"origin": [-6, 26, -10], "size": [1, 1, 1], "uv": [20, 12]},
					{"origin": [-6, 25, -9], "size": [1, 1, 1], "uv": [20, 12]},
					{"origin": [-6, 24, -8], "size": [1, 1, 1], "uv": [20, 12]},
					{"origin": [-6, 23, -7], "size": [1, 1, 1], "uv": [20, 12]},
					{"origin": [-6, 21, -5], "size": [1, 1, 1], "uv": [20, 12]},
					{"origin": [-6, 22, -6], "size": [1, 1, 1], "uv": [20, 12]},
					{"origin": [-6, 19, -3], "size": [1, 1, 1], "uv": [20, 12]},
					{"origin": [-6, 20, -4], "size": [1, 1, 1], "uv": [20, 12]},
					{"origin": [-6, 24, -12], "size": [1, 1, 1], "uv": [20, 12]},
					{"origin": [-6, 23, -11], "size": [1, 1, 1], "uv": [20, 12]},
					{"origin": [-6, 22, -10], "size": [1, 1, 1], "uv": [20, 12]},
					{"origin": [-6, 21, -9], "size": [1, 1, 1], "uv": [20, 12]},
					{"origin": [-6, 19, -7], "size": [1, 1, 1], "uv": [20, 12]},
					{"origin": [-6, 20, -8], "size": [1, 1, 1], "uv": [20, 12]},
					{"origin": [-6, 17, -5], "size": [1, 1, 1], "uv": [20, 12]},
					{"origin": [-6, 18, -6], "size": [1, 1, 1], "uv": [20, 12]},
					{"origin": [-6, 18, -3], "size": [1, 1, 1], "uv": [16, 10]},
					{"origin": [-6, 19, -4], "size": [1, 1, 1], "uv": [16, 10]},
					{"origin": [-6, 20, -5], "size": [1, 1, 1], "uv": [16, 10]},
					{"origin": [-6, 21, -6], "size": [1, 1, 1], "uv": [16, 10]},
					{"origin": [-6, 22, -7], "size": [1, 1, 1], "uv": [16, 10]},
					{"origin": [-6, 23, -8], "size": [1, 1, 1], "uv": [16, 10]},
					{"origin": [-6, 24, -9], "size": [1, 1, 1], "uv": [16, 10]},
					{"origin": [-6, 25, -10], "size": [1, 1, 1], "uv": [16, 10]},
					{"origin": [-6, 19, -2], "size": [1, 1, 1], "uv": [16, 12]},
					{"origin": [-6, 16, -5], "size": [1, 1, 1], "uv": [16, 12]},
					{"origin": [-6, 25, -12], "size": [1, 1, 1], "uv": [16, 10]},
					{"origin": [-6, 25, -13], "size": [1, 1, 1], "uv": [20, 12]},
					{"origin": [-6, 26, -13], "size": [1, 1, 1], "uv": [16, 10]},
					{"origin": [-6, 26, -14], "size": [1, 1, 1], "uv": [20, 12]},
					{"origin": [-6, 27, -14], "size": [1, 1, 1], "uv": [16, 10]},
					{"origin": [-6, 27, -15], "size": [1, 1, 1], "uv": [20, 12]},
					{"origin": [-6, 25, -14], "size": [1, 1, 1], "uv": [16, 12]},
					{"origin": [-6, 26, -15], "size": [1, 1, 1], "uv": [16, 12]},
					{"origin": [-6, 27, -16], "size": [1, 1, 1], "uv": [16, 12]},
					{"origin": [-6, 26, -11], "size": [1, 1, 1], "uv": [16, 10]},
					{"origin": [-6, 27, -11], "size": [1, 1, 1], "uv": [20, 12]},
					{"origin": [-6, 28, -11], "size": [1, 1, 1], "uv": [16, 12]},
					{"origin": [-6, 27, -12], "size": [1, 1, 1], "uv": [16, 10]},
					{"origin": [-6, 28, -12], "size": [1, 1, 1], "uv": [20, 12]},
					{"origin": [-6, 29, -12], "size": [1, 1, 1], "uv": [16, 12]},
					{"origin": [-6, 28, -13], "size": [1, 1, 1], "uv": [16, 10]},
					{"origin": [-6, 29, -13], "size": [1, 1, 1], "uv": [20, 12]},
					{"origin": [-6, 30, -13], "size": [1, 1, 1], "uv": [16, 12]},
					{"origin": [-6, 28, -16], "size": [1, 1, 1], "uv": [16, 12]},
					{"origin": [-6, 29, -16], "size": [1, 1, 1], "uv": [16, 12]},
					{"origin": [-6, 30, -14], "size": [1, 1, 1], "uv": [16, 12]},
					{"origin": [-6, 30, -15], "size": [1, 1, 1], "uv": [16, 12]},
					{"origin": [-6, 29, -14], "size": [1, 1, 1], "uv": [20, 12]},
					{"origin": [-6, 29, -15], "size": [1, 1, 1], "uv": [20, 12]},
					{"origin": [-6, 28, -15], "size": [1, 1, 1], "uv": [20, 12]}
				]
			},
			{
				"name": "left_arm",
				"pivot": [4, 22, 0],
				"mirror": true,
				"cubes": [
					{"origin": [4, 12, -2], "size": [4, 12, 4], "uv": [40, 16]},
					{"origin": [4, 12, -2], "size": [4, 12, 4], "uv": [40, 48], "inflate": 0.25}
				]
			},
			{
				"name": "body",
				"pivot": [0, 24, 0],
				"cubes": [
					{"origin": [-4, 12, -2], "size": [8, 12, 4], "uv": [16, 48], "inflate": 0.5}
				]
			}
		]
	}
}