{
	"format_version": "1.8.0",
	"geometry.shellbit": {
		"texturewidth": 64,
		"textureheight": 32,
		"visible_bounds_width": 1,
		"visible_bounds_height": 1,
		"visible_bounds_offset": [0, 0.5, 0],
		"bones": [
			{
				"name": "body",
				"pivot": [0, 0, 0],
				"cubes": [
					{"origin": [-1, 0, -4], "size": [2, 1, 10], "uv": [13, 12]},
					{"origin": [-1, 0, -4], "size": [2, 1, 10], "uv": [27, 13], "inflate": 0.5},
					{"origin": [-1, 1, -2], "size": [2, 8, 8], "uv": [0, 0]},
					{"origin": [-1.5, 1.5, -1.5], "size": [3, 7, 7], "uv": [0, 16]},
					{"origin": [-2, 2.5, -0.5], "size": [4, 5, 5], "uv": [20, 2]}
				]
			},
			{
				"name": "base",
				"pivot": [0, 1, -3],
				"rotation": [15, 0, 0],
				"cubes": [
					{"origin": [-0.5, 1, -3.5], "size": [1, 7, 1], "uv": [4, 0]}
				]
			},
			{
				"name": "eye",
				"parent": "base",
				"pivot": [0, 8, -3],
				"rotation": [-15, 0, 0],
				"cubes": [
					{"origin": [-1, 8, -4], "size": [2, 2, 2], "uv": [12, 4]}
				]
			},
			{
				"name": "head",
				"parent": "eye",
				"pivot": [0, 9, -3],
				"cubes": [
					{"origin": [-0.5, 8.5, -4.25], "size": [1, 1, 1], "uv": [0, 6]}
				]
			},
			{
				"name": "spikes",
				"pivot": [0, 9, 2],
				"rotation": [-30, 0, 0],
				"cubes": [
					{"origin": [-0.5, 7.5, -0.5], "size": [1, 3, 1], "uv": [0, 0]},
					{"origin": [-0.5, 8.5, 1.5], "size": [1, 3, 1], "uv": [0, 0]},
					{"origin": [-0.5, 9.5, 3.5], "size": [1, 3, 1], "uv": [0, 0]},
					{"origin": [-0.5, 5, 8], "size": [1, 1, 3], "uv": [14, 18]},
					{"origin": [-0.5, 9, 6], "size": [1, 1, 3], "uv": [14, 18]},
					{"origin": [-0.5, 7, 7], "size": [1, 1, 3], "uv": [14, 18]}
				]
			},
			{
				"name": "srbrbn",
				"parent": "spikes",
				"pivot": [0, 9, 2],
				"rotation": [0, 0, 20],
				"cubes": [
					{"origin": [1.5, 7.5, 4.5], "size": [1, 5, 1], "uv": [0, 0]},
					{"origin": [1.5, 7.5, 2.5], "size": [1, 4, 1], "uv": [0, 0]},
					{"origin": [1.5, 6.5, 0.5], "size": [1, 4, 1], "uv": [0, 0]}
				]
			},
			{
				"name": "ebarba",
				"parent": "spikes",
				"pivot": [0, 9, 2],
				"rotation": [0, 0, -20],
				"cubes": [
					{"origin": [-2.5, 7.5, 4.5], "size": [1, 5, 1], "uv": [0, 0]},
					{"origin": [-2.5, 7.5, 2.5], "size": [1, 4, 1], "uv": [0, 0]},
					{"origin": [-2.5, 6.5, 0.5], "size": [1, 4, 1], "uv": [0, 0]}
				]
			},
			{
				"name": "aervv",
				"parent": "spikes",
				"pivot": [0, 9, 2],
				"rotation": [0, 15, 0],
				"cubes": [
					{"origin": [-0.5, 8, 5], "size": [1, 1, 4], "uv": [13, 17]},
					{"origin": [-0.5, 6, 6], "size": [1, 1, 4], "uv": [13, 17]}
				]
			},
			{
				"name": "egraeg",
				"parent": "spikes",
				"pivot": [0, 9, 2],
				"rotation": [0, -15, 0],
				"cubes": [
					{"origin": [-0.5, 8, 5], "size": [1, 1, 4], "uv": [13, 17]},
					{"origin": [-0.5, 6, 6], "size": [1, 1, 4], "uv": [13, 17]}
				]
			}
		]
	}
}