{
	"format_version": "1.8.0",
	"geometry.terra_terror": {
		"texturewidth": 112,
		"textureheight": 64,
		"visible_bounds_width": 2,
		"visible_bounds_height": 2,
		"visible_bounds_offset": [0, 1, 0],
		"bones": [
			{
				"name": "left_leg",
				"pivot": [4, 8, 0]
			},
			{
				"name": "right_leg",
				"pivot": [-4, 8, 0]
			},
			{
				"name": "body",
				"pivot": [0, 16, 0],
				"cubes": [
					{"origin": [-8, 16, -8], "size": [16, 8, 16], "uv": [0, 0]},
					{"origin": [-8, 8, 0], "size": [16, 8, 8], "uv": [0, 24]}
				]
			},
			{
				"name": "jaw",
				"parent": "body",
				"pivot": [0, 16, 0],
				"cubes": [
					{"origin": [-8, 8, -8], "size": [16, 8, 8], "uv": [16, 40]}
				]
			},
			{
				"name": "left_arm",
				"pivot": [8, 20, 0],
				"rotation": [35, 0, -5],
				"cubes": [
					{"origin": [8, 4, -2], "size": [4, 16, 4], "uv": [0, 40]},
					{"origin": [8, 4, -12], "size": [4, 4, 10], "uv": [48, 24]}
				]
			},
			{
				"name": "right_arm",
				"pivot": [-8, 20, 0],
				"rotation": [35, 0, 5],
				"cubes": [
					{"origin": [-12, 4, -2], "size": [4, 16, 4], "uv": [0, 40]},
					{"origin": [-12, 4, -12], "size": [4, 4, 10], "uv": [48, 24]}
				]
			}
		]
	}
}