{
  "format_version": "1.8.0",
  "minecraft:entity": {
	"description": {
      "identifier": "raigen:moving_poison",
      "is_spawnable": true,
      "is_summonable": true,
      "is_experimental": false
    },
	  
    "components": {
      "minecraft:fire_immune": false,
      "minecraft:burns_in_daylight": false,
      "minecraft:type_family": {
        "family": [ "monster" ]
      },
      "minecraft:collision_box": {
        "width": 0.4,
        "height": 0.4
      },
      "minecraft:shooter": {
        "type": "Arrow",
        "def": "minecraft:arrow",
        "auxVal": 28
      },
      "minecraft:behavior.nearest_attackable_target": {
        "priority": 1,
        "entity_types": {
          "filters": { "test" :  "is_family", "subject" : "other", "value" :  "player"},
          "max_dist": 16
        },
		"reselect_target": true,
        "must_see": true
      },
	  "minecraft:behavior.ranged_attack": {
	    "priority": 1,
		"attack_interval_min": 1,
        "attack_interval_max": 3,
        "attack_radius": 40
      },
	  "minecraft:movement": {
		"value": {
		  "range_min": 0.18,
		  "range_max": 0.2
		}
	  },
	  "minecraft:behavior.float": {
	    "priority": 0
	  },
      "minecraft:navigation.walk": {
        "can_float": false,
        "avoid_water": false,
        "is_amphibious": false,
        "avoid_damage_blocks": false
      },
      "minecraft:movement.basic": {
        
      },
      "minecraft:health": {
        "value": 4
      },
	  "minecraft:attack": {
		"damage": 1
	  },
      "minecraft:behavior.hurt_by_target": {
        "priority": 3
      },
      "minecraft:behavior.look_at_player": {
        "priority": 7,
        "look_distance": 6.0,
        "probability": 0.02
      },
      "minecraft:behavior.random_look_around": {
        "priority": 8
      },
	  "minecraft:physics": {
      }
    }
  }
}