{
	"format_version": "1.8.0",
	"animations": {
		"animation.hivale.move": {
			"loop": true,
			"animation_length": 200000000,
			"bones": {
				"frame_1": {
					"rotation": {
						"0.1333": [0, 0, 0],
						"20000.0": [0, -900000000, 0]
					}
				},
				"frame_2": {
					"rotation": {
						"0.1333": [0, 0, 0],
						"200000.0": [0, -900000000, 0]
					}
				},
				"frame_3": {
					"rotation": {
						"0.1333": [0, 0, 0],
						"2000000.0": [0, -900000000, 0]
					}
				},
				"frame_4": {
					"rotation": {
						"0.1333": [0, 0, 0],
						"20000000.0": [0, -900000000, 0]
					}
				},
				"frame_5": {
					"rotation": {
						"0.1333": [0, 0, 0],
						"200000000.0": [0, -900000000, 0]
					}
				},
				"left_leg": {
					"rotation": [	"variable.tcos1 * 1.4", 0.0, 0.0	]
				},
				"right_leg": {
					"rotation": [	"variable.tcos0 * 1.4", 0.0, 0.0	]
				}
			}
		}
	}
}