{
  "format_version": "1.8.0",
  "animations": {
    "animation.astral_axe.move": {
      "loop": true,
      "bones": {
		"isa": {
          "rotation": {
		    "0.1333": [ 0, 0, 0 ],
			"20000.0": [ 0, 4000000, 0]
		  }
		},
		"dalawa": {
          "rotation": {
		    "0.1333": [ 0, 0, 0 ],
			"20000.0": [ 0, 4000000, 0]
		  }
		},
		"tatlo": {
          "rotation": {
		    "0.1333": [ 0, 0, 0 ],
			"20000.0": [ 0, 4000000, 0]
		  }
		},
		"apat": {
          "rotation": {
		    "0.1333": [ 0, 0, 0 ],
			"20000.0": [ 0, 4000000, 0]
		  }
		},
		"lima": {
          "rotation": {
		    "0.1333": [ 0, 0, 0 ],
			"20000.0": [ 0, 4000000, 0]
		  }
		}
      }
    }
  }
}