{
  "format_version": "1.8.0",
  "minecraft:client_entity": {
    "description": {
      "identifier": "dms:ghast_bad",
      "materials": {
        "default": "ghast"
      },
      "textures": {
        "default": "textures/entity/pamobile/dms_ghast_bad",
        "shooting": "textures/entity/pamobile/dms_ghast_bad"
      },
      "geometry": {
        "default": "geometry.ghast"
      },
      "spawn_egg": {
        "texture": "dms:ghast_bad",
        "texture_index": 0
      },
      "animations": {
        "move": "animation.ghast.move",
        "scale": "animation.ghast.scale"
      },
      "animation_controllers": [
        {
          "move": "controller.animation.ghast.move"
        },
        {
          "scale": "controller.animation.ghast.scale"
        }
      ],
      "render_controllers": [
        "controller.render.ghast"
      ]
    }
  }
}