{
	"format_version": "1.8.0",
	"geometry.gargoyle": {
		"texturewidth": 128,
		"textureheight": 128,
		"visible_bounds_width": 2,
		"visible_bounds_height": 3,
		"visible_bounds_offset": [0, 1.5, 0],
		"bones": [
			{
				"name": "mobile",
				"pivot": [0, 0, 0],
				"cubes": []
			},
			{
				"name": "left_leg_mobile",
				"parent": "mobile",
				"pivot": [2, 22, 0],
				"rotation": [20, 0, 0],
				"mirror": true,
				"cubes": [
					{"origin": [0, 10, -2], "size": [4, 12, 4], "uv": [0, 56]}
				]
			},
			{
				"name": "right_leg_mobile",
				"parent": "mobile",
				"pivot": [-2, 22, 0],
				"rotation": [-20, 0, 0],
				"cubes": [
					{"origin": [-4, 10, -2], "size": [4, 12, 4], "uv": [0, 56]}
				]
			},
			{
				"name": "body_mobile",
				"parent": "mobile",
				"pivot": [0, 22, 0],
				"rotation": [15, 0, 0],
				"cubes": [
					{"origin": [-4, 22, -2], "size": [8, 12, 4], "uv": [16, 56]}
				]
			},
			{
				"name": "head_mobile",
				"parent": "body_mobile",
				"pivot": [0, 34, 0],
				"cubes": [
					{"origin": [-4, 34, -4], "size": [8, 8, 8], "uv": [0, 40]},
					{"origin": [-4, 34, -4], "size": [8, 8, 8], "uv": [32, 40], "inflate": 0.25}
				]
			},
			{
				"name": "left_arm_mobile",
				"parent": "body_mobile",
				"pivot": [4, 32, 0],
				"rotation": [40, 20, 0],
				"mirror": true,
				"cubes": [
					{"origin": [4, 22, -2], "size": [4, 12, 4], "uv": [40, 56]}
				]
			},
			{
				"name": "right_arm_mobile",
				"parent": "body_mobile",
				"pivot": [-4, 32, 0],
				"rotation": [-50, -50, 0],
				"cubes": [
					{"origin": [-8, 22, -2], "size": [4, 12, 4], "uv": [40, 56]}
				]
			},
			{
				"name": "trident_mobile",
				"parent": "mobile",
				"pivot": [4, 22, 0],
				"rotation": [105, 45, 0],
				"cubes": [
					{"origin": [5, 10, 2], "size": [1, 31, 1], "uv": [60, 88]},
					{"origin": [4, 35, 2], "size": [3, 2, 1], "uv": [48, 107], "inflate": 0.02},
					{"origin": [7, 36, 2], "size": [1, 4, 1], "uv": [52, 110]},
					{"origin": [3, 36, 2], "size": [1, 4, 1], "uv": [52, 110]}
				]
			},
			{
				"name": "platform",
				"pivot": [0, 0, 0],
				"cubes": [
					{"origin": [-7, 1, -7], "size": [14, 8, 14], "uv": [0, 18]},
					{"origin": [-8, 8, -8], "size": [16, 2, 16], "uv": [0, 0]},
					{"origin": [-8, 0, -8], "size": [16, 2, 16], "uv": [0, 0]},
					{"origin": [7, 2, -8], "size": [1, 6, 1], "uv": [0, 0]},
					{"origin": [-8, 2, -8], "size": [1, 6, 1], "uv": [0, 0]},
					{"origin": [-8, 2, 7], "size": [1, 6, 1], "uv": [0, 0]},
					{"origin": [7, 2, 7], "size": [1, 6, 1], "uv": [0, 0]}
				]
			},
			{
				"name": "static",
				"pivot": [0, 0, 0],
				"cubes": []
			},
			{
				"name": "left_leg_static",
				"parent": "static",
				"pivot": [2, 22, 0],
				"mirror": true,
				"cubes": [
					{"origin": [0, 10, -2], "size": [4, 12, 4], "uv": [0, 88]}
				]
			},
			{
				"name": "right_leg_static",
				"parent": "static",
				"pivot": [-2, 22, 0],
				"cubes": [
					{"origin": [-4, 10, -2], "size": [4, 12, 4], "uv": [0, 88]}
				]
			},
			{
				"name": "body_static",
				"parent": "static",
				"pivot": [0, 34, 0],
				"cubes": [
					{"origin": [-4, 22, -2], "size": [8, 12, 4], "uv": [16, 88]}
				]
			},
			{
				"name": "left_arm_static",
				"parent": "static",
				"pivot": [4, 32, 0],
				"rotation": [-45, 35, 0],
				"mirror": true,
				"cubes": [
					{"origin": [4, 22, -2], "size": [4, 12, 4], "uv": [40, 88]}
				]
			},
			{
				"name": "right_arm_static",
				"parent": "static",
				"pivot": [-4, 32, 0],
				"rotation": [-45, -35, 0],
				"cubes": [
					{"origin": [-8, 22, -2], "size": [4, 12, 4], "uv": [40, 88]}
				]
			},
			{
				"name": "head_static",
				"parent": "static",
				"pivot": [0, 34, 0],
				"cubes": [
					{"origin": [-4, 34, -4], "size": [8, 8, 8], "uv": [0, 72]},
					{"origin": [-4, 34, -4], "size": [8, 8, 8], "uv": [32, 72], "inflate": 0.25}
				]
			},
			{
				"name": "trident_static",
				"parent": "static",
				"pivot": [0, 0, 0],
				"cubes": [
					{"origin": [-0.5, 10, -6.5], "size": [1, 31, 1], "uv": [56, 88]},
					{"origin": [-1.5, 35, -6.5], "size": [3, 2, 1], "uv": [48, 104], "inflate": 0.02},
					{"origin": [1.5, 36, -6.5], "size": [1, 4, 1], "uv": [48, 110]},
					{"origin": [-2.5, 36, -6.5], "size": [1, 4, 1], "uv": [48, 110]}
				]
			}
		]
	}
}