{
	"format_version": "1.8.0",
	"geometry.hivale": {
		"texturewidth": 256,
		"textureheight": 128,
		"visible_bounds_width": 9,
		"visible_bounds_height": 2,
		"visible_bounds_offset": [0, 1, 0],
		"bones": [
			{
				"name": "head",
				"pivot": [0, 24, 0],
				"cubes": [
					{"origin": [-4, 24, -4], "size": [8, 10, 8], "uv": [0, 0]},
					{"origin": [-1, 23, -6], "size": [2, 4, 2], "uv": [24, 0]}
				]
			},
			{
				"name": "right_leg",
				"pivot": [-2, 12, 0],
				"cubes": [
					{"origin": [-4, 0, -2], "size": [4, 12, 4], "uv": [0, 18]}
				]
			},
			{
				"name": "left_leg",
				"pivot": [2, 12, 0],
				"mirror": true,
				"cubes": [
					{"origin": [0, 0, -2], "size": [4, 12, 4], "uv": [0, 18]}
				]
			},
			{
				"name": "arms",
				"pivot": [0, 22, 0],
				"rotation": [-35, 0, 0],
				"cubes": [
					{"origin": [-8, 16, -2], "size": [4, 8, 4], "uv": [40, 18]},
					{"origin": [4, 16, -2], "size": [4, 8, 4], "uv": [40, 18]},
					{"origin": [-4, 16, -2], "size": [8, 4, 4], "uv": [40, 16], "mirror": true}
				]
			},
			{
				"name": "body",
				"pivot": [0, 24, 0],
				"cubes": [
					{"origin": [-4, 12, -3], "size": [8, 12, 6], "uv": [32, 0]}
				]
			},
			{
				"name": "frame_1",
				"pivot": [0, 0, 0],
				"cubes": [
					{"origin": [-8, 16, -8], "size": [16, 4, 16], "uv": [192, 108]}
				]
			},
			{
				"name": "fvghnj",
				"parent": "frame_1",
				"pivot": [0, 0, 0],
				"cubes": [
					{"origin": [-8, 8, -24], "size": [16, 16, 16], "uv": [1, 35], "inflate": -2},
					{"origin": [-8, 8, 8], "size": [16, 16, 16], "uv": [1, 35], "inflate": -2},
					{"origin": [-8, 18, 8], "size": [16, 16, 16], "uv": [1, 35], "inflate": -4},
					{"origin": [-8, 18, -24], "size": [16, 16, 16], "uv": [1, 35], "inflate": -4},
					{"origin": [-8, -2, -24], "size": [16, 16, 16], "uv": [1, 35], "inflate": -4},
					{"origin": [-8, -2, 8], "size": [16, 16, 16], "uv": [1, 35], "inflate": -4}
				]
			},
			{
				"name": "dfghjyu",
				"parent": "frame_1",
				"pivot": [0, 0, 0],
				"rotation": [0, -90, 0],
				"cubes": [
					{"origin": [-8, 8, -24], "size": [16, 16, 16], "uv": [1, 35], "inflate": -2},
					{"origin": [-8, 8, 8], "size": [16, 16, 16], "uv": [1, 35], "inflate": -2},
					{"origin": [-8, 18, 8], "size": [16, 16, 16], "uv": [1, 35], "inflate": -4},
					{"origin": [-8, 18, -24], "size": [16, 16, 16], "uv": [1, 35], "inflate": -4},
					{"origin": [-8, -2, -24], "size": [16, 16, 16], "uv": [1, 35], "inflate": -4},
					{"origin": [-8, -2, 8], "size": [16, 16, 16], "uv": [1, 35], "inflate": -4}
				]
			},
			{
				"name": "frame_2",
				"pivot": [0, 0, 0],
				"cubes": [
					{"origin": [-10, 16, -10], "size": [20, 4, 20], "uv": [176, 100]}
				]
			},
			{
				"name": "dscfvbgh",
				"parent": "frame_2",
				"pivot": [0, 0, 0],
				"cubes": [
					{"origin": [-8, 8, -37], "size": [16, 16, 16], "uv": [1, 68], "inflate": -2},
					{"origin": [-8, 18, -37], "size": [16, 16, 16], "uv": [1, 68], "inflate": -4},
					{"origin": [-8, -2, -37], "size": [16, 16, 16], "uv": [1, 68], "inflate": -4},
					{"origin": [-8, 8, 21], "size": [16, 16, 16], "uv": [1, 68], "inflate": -2},
					{"origin": [-8, -2, 21], "size": [16, 16, 16], "uv": [1, 68], "inflate": -4},
					{"origin": [-8, 18, 21], "size": [16, 16, 16], "uv": [1, 68], "inflate": -4}
				]
			},
			{
				"name": "dfghtyj",
				"parent": "frame_2",
				"pivot": [0, 0, 0],
				"rotation": [0, -90, 0],
				"cubes": [
					{"origin": [-8, 8, -37], "size": [16, 16, 16], "uv": [1, 68], "inflate": -2},
					{"origin": [-8, 18, -37], "size": [16, 16, 16], "uv": [1, 68], "inflate": -4},
					{"origin": [-8, -2, -37], "size": [16, 16, 16], "uv": [1, 68], "inflate": -4},
					{"origin": [-8, 8, 21], "size": [16, 16, 16], "uv": [1, 68], "inflate": -2},
					{"origin": [-8, -2, 21], "size": [16, 16, 16], "uv": [1, 68], "inflate": -4},
					{"origin": [-8, 18, 21], "size": [16, 16, 16], "uv": [1, 68], "inflate": -4}
				]
			},
			{
				"name": "dfbghnj",
				"parent": "frame_2",
				"pivot": [0, 0, 0],
				"rotation": [0, -45, 0],
				"cubes": [
					{"origin": [-8, 8, -37], "size": [16, 16, 16], "uv": [1, 68], "inflate": -2},
					{"origin": [-8, 18, -37], "size": [16, 16, 16], "uv": [1, 68], "inflate": -4},
					{"origin": [-8, -2, -37], "size": [16, 16, 16], "uv": [1, 68], "inflate": -4},
					{"origin": [-8, 8, 21], "size": [16, 16, 16], "uv": [1, 68], "inflate": -2},
					{"origin": [-8, -2, 21], "size": [16, 16, 16], "uv": [1, 68], "inflate": -4},
					{"origin": [-8, 18, 21], "size": [16, 16, 16], "uv": [1, 68], "inflate": -4}
				]
			},
			{
				"name": "jhgfd",
				"parent": "frame_2",
				"pivot": [0, 0, 0],
				"rotation": [0, 45, 0],
				"cubes": [
					{"origin": [-8, 8, -37], "size": [16, 16, 16], "uv": [1, 68], "inflate": -2},
					{"origin": [-8, 18, -37], "size": [16, 16, 16], "uv": [1, 68], "inflate": -4},
					{"origin": [-8, -2, -37], "size": [16, 16, 16], "uv": [1, 68], "inflate": -4},
					{"origin": [-8, 8, 21], "size": [16, 16, 16], "uv": [1, 68], "inflate": -2},
					{"origin": [-8, -2, 21], "size": [16, 16, 16], "uv": [1, 68], "inflate": -4},
					{"origin": [-8, 18, 21], "size": [16, 16, 16], "uv": [1, 68], "inflate": -4}
				]
			},
			{
				"name": "frame_3",
				"pivot": [0, 0, 0],
				"cubes": [
					{"origin": [-12, 16, -12], "size": [24, 4, 24], "uv": [160, 92]}
				]
			},
			{
				"name": "sdfvbgj",
				"parent": "frame_3",
				"pivot": [0, 0, 0],
				"rotation": [0, -90, 0],
				"cubes": [
					{"origin": [-8, 8, -50], "size": [16, 16, 16], "uv": [90, 1], "inflate": -2},
					{"origin": [-8, 18, -50], "size": [16, 16, 16], "uv": [90, 1], "inflate": -4},
					{"origin": [-8, -2, -50], "size": [16, 16, 16], "uv": [90, 1], "inflate": -4},
					{"origin": [-8, 18, 34], "size": [16, 16, 16], "uv": [90, 1], "inflate": -4},
					{"origin": [-8, 8, 34], "size": [16, 16, 16], "uv": [90, 1], "inflate": -2},
					{"origin": [-8, -2, 34], "size": [16, 16, 16], "uv": [90, 1], "inflate": -4}
				]
			},
			{
				"name": "dscfvbgh",
				"parent": "frame_3",
				"pivot": [0, 0, 0],
				"cubes": [
					{"origin": [-8, 8, -50], "size": [16, 16, 16], "uv": [90, 1], "inflate": -2},
					{"origin": [-8, 18, -50], "size": [16, 16, 16], "uv": [90, 1], "inflate": -4},
					{"origin": [-8, -2, -50], "size": [16, 16, 16], "uv": [90, 1], "inflate": -4},
					{"origin": [-8, 18, 34], "size": [16, 16, 16], "uv": [90, 1], "inflate": -4},
					{"origin": [-8, 8, 34], "size": [16, 16, 16], "uv": [90, 1], "inflate": -2},
					{"origin": [-8, -2, 34], "size": [16, 16, 16], "uv": [90, 1], "inflate": -4}
				]
			},
			{
				"name": "dfvhju",
				"parent": "frame_3",
				"pivot": [0, 0, 0],
				"rotation": [0, -22.5, 0],
				"cubes": [
					{"origin": [-8, 8, -50], "size": [16, 16, 16], "uv": [90, 1], "inflate": -2},
					{"origin": [-8, 18, -50], "size": [16, 16, 16], "uv": [90, 1], "inflate": -4},
					{"origin": [-8, -2, -50], "size": [16, 16, 16], "uv": [90, 1], "inflate": -4},
					{"origin": [-8, 18, 34], "size": [16, 16, 16], "uv": [90, 1], "inflate": -4},
					{"origin": [-8, 8, 34], "size": [16, 16, 16], "uv": [90, 1], "inflate": -2},
					{"origin": [-8, -2, 34], "size": [16, 16, 16], "uv": [90, 1], "inflate": -4}
				]
			},
			{
				"name": "defgrhtjuik",
				"parent": "frame_3",
				"pivot": [0, 0, 0],
				"rotation": [0, 22.5, 0],
				"cubes": [
					{"origin": [-8, 8, -50], "size": [16, 16, 16], "uv": [90, 1], "inflate": -2},
					{"origin": [-8, 18, -50], "size": [16, 16, 16], "uv": [90, 1], "inflate": -4},
					{"origin": [-8, -2, -50], "size": [16, 16, 16], "uv": [90, 1], "inflate": -4},
					{"origin": [-8, 18, 34], "size": [16, 16, 16], "uv": [90, 1], "inflate": -4},
					{"origin": [-8, 8, 34], "size": [16, 16, 16], "uv": [90, 1], "inflate": -2},
					{"origin": [-8, -2, 34], "size": [16, 16, 16], "uv": [90, 1], "inflate": -4}
				]
			},
			{
				"name": "dfhnj",
				"parent": "frame_3",
				"pivot": [0, 0, 0],
				"rotation": [0, -45, 0],
				"cubes": [
					{"origin": [-8, 8, -50], "size": [16, 16, 16], "uv": [90, 1], "inflate": -2},
					{"origin": [-8, 18, -50], "size": [16, 16, 16], "uv": [90, 1], "inflate": -4},
					{"origin": [-8, -2, -50], "size": [16, 16, 16], "uv": [90, 1], "inflate": -4},
					{"origin": [-8, 18, 34], "size": [16, 16, 16], "uv": [90, 1], "inflate": -4},
					{"origin": [-8, 8, 34], "size": [16, 16, 16], "uv": [90, 1], "inflate": -2},
					{"origin": [-8, -2, 34], "size": [16, 16, 16], "uv": [90, 1], "inflate": -4}
				]
			},
			{
				"name": "kiytfg",
				"parent": "frame_3",
				"pivot": [0, 0, 0],
				"rotation": [0, 45, 0],
				"cubes": [
					{"origin": [-8, 8, -50], "size": [16, 16, 16], "uv": [90, 1], "inflate": -2},
					{"origin": [-8, 18, -50], "size": [16, 16, 16], "uv": [90, 1], "inflate": -4},
					{"origin": [-8, -2, -50], "size": [16, 16, 16], "uv": [90, 1], "inflate": -4},
					{"origin": [-8, 18, 34], "size": [16, 16, 16], "uv": [90, 1], "inflate": -4},
					{"origin": [-8, 8, 34], "size": [16, 16, 16], "uv": [90, 1], "inflate": -2},
					{"origin": [-8, -2, 34], "size": [16, 16, 16], "uv": [90, 1], "inflate": -4}
				]
			},
			{
				"name": "scdghnju",
				"parent": "frame_3",
				"pivot": [0, 0, 0],
				"rotation": [0, 67.5, 0],
				"cubes": [
					{"origin": [-8, 8, -50], "size": [16, 16, 16], "uv": [90, 1], "inflate": -2},
					{"origin": [-8, 18, -50], "size": [16, 16, 16], "uv": [90, 1], "inflate": -4},
					{"origin": [-8, -2, -50], "size": [16, 16, 16], "uv": [90, 1], "inflate": -4},
					{"origin": [-7, 19, 34], "size": [16, 16, 16], "uv": [90, 1], "inflate": -4},
					{"origin": [-8, 8, 34], "size": [16, 16, 16], "uv": [90, 1], "inflate": -2},
					{"origin": [-8, -2, 34], "size": [16, 16, 16], "uv": [90, 1], "inflate": -4}
				]
			},
			{
				"name": "asdxfgvh",
				"parent": "frame_3",
				"pivot": [0, 0, 0],
				"rotation": [0, -67.5, 0],
				"cubes": [
					{"origin": [-8, 8, -50], "size": [16, 16, 16], "uv": [90, 1], "inflate": -2},
					{"origin": [-8, 18, -50], "size": [16, 16, 16], "uv": [90, 1], "inflate": -4},
					{"origin": [-8, -2, -50], "size": [16, 16, 16], "uv": [90, 1], "inflate": -4},
					{"origin": [-8, 18, 34], "size": [16, 16, 16], "uv": [90, 1], "inflate": -4},
					{"origin": [-8, 8, 34], "size": [16, 16, 16], "uv": [90, 1], "inflate": -2},
					{"origin": [-8, -2, 34], "size": [16, 16, 16], "uv": [90, 1], "inflate": -4}
				]
			},
			{
				"name": "frame_4",
				"pivot": [0, 0, 0],
				"cubes": [
					{"origin": [-14, 16, -14], "size": [28, 4, 28], "uv": [144, 84]}
				]
			},
			{
				"name": "ynr",
				"parent": "frame_4",
				"pivot": [0, 0, 0],
				"cubes": [
					{"origin": [-8, 18, -63], "size": [16, 16, 16], "uv": [90, 34], "inflate": -4},
					{"origin": [-8, -2, -63], "size": [16, 16, 16], "uv": [90, 34], "inflate": -4},
					{"origin": [-8, 8, -63], "size": [16, 16, 16], "uv": [90, 34], "inflate": -2},
					{"origin": [-8, -2, 47], "size": [16, 16, 16], "uv": [90, 34], "inflate": -4},
					{"origin": [-8, 8, 47], "size": [16, 16, 16], "uv": [90, 34], "inflate": -2},
					{"origin": [-8, 18, 47], "size": [16, 16, 16], "uv": [90, 34], "inflate": -4}
				]
			},
			{
				"name": "rdtfgyuin",
				"parent": "frame_4",
				"pivot": [0, 0, 0],
				"rotation": [0, -90, 0],
				"cubes": [
					{"origin": [-8, 18, -63], "size": [16, 16, 16], "uv": [90, 34], "inflate": -4},
					{"origin": [-8, -2, -63], "size": [16, 16, 16], "uv": [90, 34], "inflate": -4},
					{"origin": [-8, 8, -63], "size": [16, 16, 16], "uv": [90, 34], "inflate": -2},
					{"origin": [-8, -2, 47], "size": [16, 16, 16], "uv": [90, 34], "inflate": -4},
					{"origin": [-8, 8, 47], "size": [16, 16, 16], "uv": [90, 34], "inflate": -2},
					{"origin": [-8, 18, 47], "size": [16, 16, 16], "uv": [90, 34], "inflate": -4}
				]
			},
			{
				"name": "xcsfvhn",
				"parent": "frame_4",
				"pivot": [0, 0, 0],
				"rotation": [0, -45, 0],
				"cubes": [
					{"origin": [-8, 18, -63], "size": [16, 16, 16], "uv": [90, 34], "inflate": -4},
					{"origin": [-8, -2, -63], "size": [16, 16, 16], "uv": [90, 34], "inflate": -4},
					{"origin": [-8, 8, -63], "size": [16, 16, 16], "uv": [90, 34], "inflate": -2},
					{"origin": [-8, -2, 47], "size": [16, 16, 16], "uv": [90, 34], "inflate": -4},
					{"origin": [-8, 8, 47], "size": [16, 16, 16], "uv": [90, 34], "inflate": -2},
					{"origin": [-8, 18, 47], "size": [16, 16, 16], "uv": [90, 34], "inflate": -4}
				]
			},
			{
				"name": "dcfgvhtn",
				"parent": "frame_4",
				"pivot": [0, 0, 0],
				"rotation": [0, 45, 0],
				"cubes": [
					{"origin": [-8, 18, -63], "size": [16, 16, 16], "uv": [90, 34], "inflate": -4},
					{"origin": [-8, -2, -63], "size": [16, 16, 16], "uv": [90, 34], "inflate": -4},
					{"origin": [-8, 8, -63], "size": [16, 16, 16], "uv": [90, 34], "inflate": -2},
					{"origin": [-8, -2, 47], "size": [16, 16, 16], "uv": [90, 34], "inflate": -4},
					{"origin": [-8, 8, 47], "size": [16, 16, 16], "uv": [90, 34], "inflate": -2},
					{"origin": [-8, 18, 47], "size": [16, 16, 16], "uv": [90, 34], "inflate": -4}
				]
			},
			{
				"name": "sdcfvbght",
				"parent": "frame_4",
				"pivot": [0, 0, 0],
				"rotation": [0, -22.5, 0],
				"cubes": [
					{"origin": [-8, 18, -63], "size": [16, 16, 16], "uv": [90, 34], "inflate": -4},
					{"origin": [-8, -2, -63], "size": [16, 16, 16], "uv": [90, 34], "inflate": -4},
					{"origin": [-8, 8, -63], "size": [16, 16, 16], "uv": [90, 34], "inflate": -2},
					{"origin": [-8, -2, 47], "size": [16, 16, 16], "uv": [90, 34], "inflate": -4},
					{"origin": [-8, 8, 47], "size": [16, 16, 16], "uv": [90, 34], "inflate": -2},
					{"origin": [-8, 18, 47], "size": [16, 16, 16], "uv": [90, 34], "inflate": -4}
				]
			},
			{
				"name": "dfbgh",
				"parent": "frame_4",
				"pivot": [0, 0, 0],
				"rotation": [0, 22.5, 0],
				"cubes": [
					{"origin": [-8, 18, -63], "size": [16, 16, 16], "uv": [90, 34], "inflate": -4},
					{"origin": [-8, -2, -63], "size": [16, 16, 16], "uv": [90, 34], "inflate": -4},
					{"origin": [-8, 8, -63], "size": [16, 16, 16], "uv": [90, 34], "inflate": -2},
					{"origin": [-8, -2, 47], "size": [16, 16, 16], "uv": [90, 34], "inflate": -4},
					{"origin": [-8, 8, 47], "size": [16, 16, 16], "uv": [90, 34], "inflate": -2},
					{"origin": [-8, 18, 47], "size": [16, 16, 16], "uv": [90, 34], "inflate": -4}
				]
			},
			{
				"name": "wdefhyu",
				"parent": "frame_4",
				"pivot": [0, 0, 0],
				"rotation": [0, -67.5, 0],
				"cubes": [
					{"origin": [-8, 18, -63], "size": [16, 16, 16], "uv": [90, 34], "inflate": -4},
					{"origin": [-8, -2, -63], "size": [16, 16, 16], "uv": [90, 34], "inflate": -4},
					{"origin": [-8, 8, -63], "size": [16, 16, 16], "uv": [90, 34], "inflate": -2},
					{"origin": [-8, -2, 47], "size": [16, 16, 16], "uv": [90, 34], "inflate": -4},
					{"origin": [-8, 8, 47], "size": [16, 16, 16], "uv": [90, 34], "inflate": -2},
					{"origin": [-8, 18, 47], "size": [16, 16, 16], "uv": [90, 34], "inflate": -4}
				]
			},
			{
				"name": "ygtcdw",
				"parent": "frame_4",
				"pivot": [0, 0, 0],
				"rotation": [0, 67.5, 0],
				"cubes": [
					{"origin": [-8, 18, -63], "size": [16, 16, 16], "uv": [90, 34], "inflate": -4},
					{"origin": [-8, -2, -63], "size": [16, 16, 16], "uv": [90, 34], "inflate": -4},
					{"origin": [-8, 8, -63], "size": [16, 16, 16], "uv": [90, 34], "inflate": -2},
					{"origin": [-8, -2, 47], "size": [16, 16, 16], "uv": [90, 34], "inflate": -4},
					{"origin": [-8, 8, 47], "size": [16, 16, 16], "uv": [90, 34], "inflate": -2},
					{"origin": [-8, 18, 47], "size": [16, 16, 16], "uv": [90, 34], "inflate": -4}
				]
			},
			{
				"name": "frame_5",
				"pivot": [0, 0, 0],
				"cubes": [
					{"origin": [-16, 16, -16], "size": [32, 4, 32], "uv": [128, 76]}
				]
			},
			{
				"name": "dfghjdbf",
				"parent": "frame_5",
				"pivot": [0, 0, 0],
				"cubes": [
					{"origin": [-8, 21, -76], "size": [16, 16, 16], "uv": [90, 67], "inflate": -5},
					{"origin": [-8, -5, -76], "size": [16, 16, 16], "uv": [90, 67], "inflate": -5},
					{"origin": [-8, 8, -76], "size": [16, 16, 16], "uv": [90, 67], "inflate": -2},
					{"origin": [-8, 21, 60], "size": [16, 16, 16], "uv": [90, 67], "inflate": -5},
					{"origin": [-8, -5, 60], "size": [16, 16, 16], "uv": [90, 67], "inflate": -5},
					{"origin": [-8, 8, 60], "size": [16, 16, 16], "uv": [90, 67], "inflate": -2}
				]
			},
			{
				"name": "iuythtjyku",
				"parent": "frame_5",
				"pivot": [0, 0, 0],
				"rotation": [0, -90, 0],
				"cubes": [
					{"origin": [-8, 21, -76], "size": [16, 16, 16], "uv": [90, 67], "inflate": -5},
					{"origin": [-8, -5, -76], "size": [16, 16, 16], "uv": [90, 67], "inflate": -5},
					{"origin": [-8, 8, -76], "size": [16, 16, 16], "uv": [90, 67], "inflate": -2},
					{"origin": [-8, 21, 60], "size": [16, 16, 16], "uv": [90, 67], "inflate": -5},
					{"origin": [-8, -5, 60], "size": [16, 16, 16], "uv": [90, 67], "inflate": -5},
					{"origin": [-8, 8, 60], "size": [16, 16, 16], "uv": [90, 67], "inflate": -2}
				]
			},
			{
				"name": "myvdgbf",
				"parent": "frame_5",
				"pivot": [0, 0, 0],
				"rotation": [0, -45, 0],
				"cubes": [
					{"origin": [-8, 21, -76], "size": [16, 16, 16], "uv": [90, 67], "inflate": -5},
					{"origin": [-8, -5, -76], "size": [16, 16, 16], "uv": [90, 67], "inflate": -5},
					{"origin": [-8, 8, -76], "size": [16, 16, 16], "uv": [90, 67], "inflate": -2},
					{"origin": [-8, 21, 60], "size": [16, 16, 16], "uv": [90, 67], "inflate": -5},
					{"origin": [-8, -5, 60], "size": [16, 16, 16], "uv": [90, 67], "inflate": -5},
					{"origin": [-8, 8, 60], "size": [16, 16, 16], "uv": [90, 67], "inflate": -2}
				]
			},
			{
				"name": "fbvfgsfrtbrz",
				"parent": "frame_5",
				"pivot": [0, 0, 0],
				"rotation": [0, 45, 0],
				"cubes": [
					{"origin": [-8, 21, -76], "size": [16, 16, 16], "uv": [90, 67], "inflate": -5},
					{"origin": [-8, -5, -76], "size": [16, 16, 16], "uv": [90, 67], "inflate": -5},
					{"origin": [-8, 8, -76], "size": [16, 16, 16], "uv": [90, 67], "inflate": -2},
					{"origin": [-8, 21, 60], "size": [16, 16, 16], "uv": [90, 67], "inflate": -5},
					{"origin": [-8, -5, 60], "size": [16, 16, 16], "uv": [90, 67], "inflate": -5},
					{"origin": [-8, 8, 60], "size": [16, 16, 16], "uv": [90, 67], "inflate": -2}
				]
			},
			{
				"name": "bzfgxnfgmn",
				"parent": "frame_5",
				"pivot": [0, 0, 0],
				"rotation": [0, 60, 0],
				"cubes": [
					{"origin": [-8, 21, -76], "size": [16, 16, 16], "uv": [90, 67], "inflate": -5},
					{"origin": [-8, -5, -76], "size": [16, 16, 16], "uv": [90, 67], "inflate": -5},
					{"origin": [-8, 8, -76], "size": [16, 16, 16], "uv": [90, 67], "inflate": -2},
					{"origin": [-8, 21, 60], "size": [16, 16, 16], "uv": [90, 67], "inflate": -5},
					{"origin": [-8, -5, 60], "size": [16, 16, 16], "uv": [90, 67], "inflate": -5},
					{"origin": [-8, 8, 60], "size": [16, 16, 16], "uv": [90, 67], "inflate": -2}
				]
			},
			{
				"name": "adbzfgnvbdfg",
				"parent": "frame_5",
				"pivot": [0, 0, 0],
				"rotation": [0, 75, 0],
				"cubes": [
					{"origin": [-8, 21, -76], "size": [16, 16, 16], "uv": [90, 67], "inflate": -5},
					{"origin": [-8, -5, -76], "size": [16, 16, 16], "uv": [90, 67], "inflate": -5},
					{"origin": [-8, 8, -76], "size": [16, 16, 16], "uv": [90, 67], "inflate": -2},
					{"origin": [-8, 21, 60], "size": [16, 16, 16], "uv": [90, 67], "inflate": -5},
					{"origin": [-8, -5, 60], "size": [16, 16, 16], "uv": [90, 67], "inflate": -5},
					{"origin": [-8, 8, 60], "size": [16, 16, 16], "uv": [90, 67], "inflate": -2}
				]
			},
			{
				"name": "fnxfgxfgs",
				"parent": "frame_5",
				"pivot": [0, 0, 0],
				"rotation": [0, 30, 0],
				"cubes": [
					{"origin": [-8, 21, -76], "size": [16, 16, 16], "uv": [90, 67], "inflate": -5},
					{"origin": [-8, -5, -76], "size": [16, 16, 16], "uv": [90, 67], "inflate": -5},
					{"origin": [-8, 8, -76], "size": [16, 16, 16], "uv": [90, 67], "inflate": -2},
					{"origin": [-8, 21, 60], "size": [16, 16, 16], "uv": [90, 67], "inflate": -5},
					{"origin": [-8, -5, 60], "size": [16, 16, 16], "uv": [90, 67], "inflate": -5},
					{"origin": [-8, 8, 60], "size": [16, 16, 16], "uv": [90, 67], "inflate": -2}
				]
			},
			{
				"name": "erbzdfbdf",
				"parent": "frame_5",
				"pivot": [0, 0, 0],
				"rotation": [0, 15, 0],
				"cubes": [
					{"origin": [-8, 21, -76], "size": [16, 16, 16], "uv": [90, 67], "inflate": -5},
					{"origin": [-8, -5, -76], "size": [16, 16, 16], "uv": [90, 67], "inflate": -5},
					{"origin": [-8, 8, -76], "size": [16, 16, 16], "uv": [90, 67], "inflate": -2},
					{"origin": [-8, 21, 60], "size": [16, 16, 16], "uv": [90, 67], "inflate": -5},
					{"origin": [-8, -5, 60], "size": [16, 16, 16], "uv": [90, 67], "inflate": -5},
					{"origin": [-8, 8, 60], "size": [16, 16, 16], "uv": [90, 67], "inflate": -2}
				]
			},
			{
				"name": "ebafrzbzfb",
				"parent": "frame_5",
				"pivot": [0, 0, 0],
				"rotation": [0, -15, 0],
				"cubes": [
					{"origin": [-8, 21, -76], "size": [16, 16, 16], "uv": [90, 67], "inflate": -5},
					{"origin": [-8, -5, -76], "size": [16, 16, 16], "uv": [90, 67], "inflate": -5},
					{"origin": [-8, 8, -76], "size": [16, 16, 16], "uv": [90, 67], "inflate": -2},
					{"origin": [-8, 21, 60], "size": [16, 16, 16], "uv": [90, 67], "inflate": -5},
					{"origin": [-8, -5, 60], "size": [16, 16, 16], "uv": [90, 67], "inflate": -5},
					{"origin": [-8, 8, 60], "size": [16, 16, 16], "uv": [90, 67], "inflate": -2}
				]
			},
			{
				"name": "fndfnviuiu",
				"parent": "frame_5",
				"pivot": [0, 0, 0],
				"rotation": [0, -30, 0],
				"cubes": [
					{"origin": [-8, 21, -76], "size": [16, 16, 16], "uv": [90, 67], "inflate": -5},
					{"origin": [-8, -5, -76], "size": [16, 16, 16], "uv": [90, 67], "inflate": -5},
					{"origin": [-8, 8, -76], "size": [16, 16, 16], "uv": [90, 67], "inflate": -2},
					{"origin": [-8, 21, 60], "size": [16, 16, 16], "uv": [90, 67], "inflate": -5},
					{"origin": [-8, -5, 60], "size": [16, 16, 16], "uv": [90, 67], "inflate": -5},
					{"origin": [-8, 8, 60], "size": [16, 16, 16], "uv": [90, 67], "inflate": -2}
				]
			},
			{
				"name": "etbhetzbh",
				"parent": "frame_5",
				"pivot": [0, 0, 0],
				"rotation": [0, -60, 0],
				"cubes": [
					{"origin": [-8, 21, -76], "size": [16, 16, 16], "uv": [90, 67], "inflate": -5},
					{"origin": [-8, -5, -76], "size": [16, 16, 16], "uv": [90, 67], "inflate": -5},
					{"origin": [-8, 8, -76], "size": [16, 16, 16], "uv": [90, 67], "inflate": -2},
					{"origin": [-8, 21, 60], "size": [16, 16, 16], "uv": [90, 67], "inflate": -5},
					{"origin": [-8, -5, 60], "size": [16, 16, 16], "uv": [90, 67], "inflate": -5},
					{"origin": [-8, 8, 60], "size": [16, 16, 16], "uv": [90, 67], "inflate": -2}
				]
			},
			{
				"name": "tbgsbgrtsh",
				"parent": "frame_5",
				"pivot": [0, 0, 0],
				"rotation": [0, -75, 0],
				"cubes": [
					{"origin": [-8, 21, -76], "size": [16, 16, 16], "uv": [90, 67], "inflate": -5},
					{"origin": [-8, -5, -76], "size": [16, 16, 16], "uv": [90, 67], "inflate": -5},
					{"origin": [-8, 8, -76], "size": [16, 16, 16], "uv": [90, 67], "inflate": -2},
					{"origin": [-8, 21, 60], "size": [16, 16, 16], "uv": [90, 67], "inflate": -5},
					{"origin": [-8, -5, 60], "size": [16, 16, 16], "uv": [90, 67], "inflate": -5},
					{"origin": [-8, 8, 60], "size": [16, 16, 16], "uv": [90, 67], "inflate": -2}
				]
			}
		]
	}
}