{
	"format_version": "1.8.0",
	"geometry.rotscade": {
		"texturewidth": 64,
		"textureheight": 32,
		"visible_bounds_width": 2,
		"visible_bounds_height": 2,
		"visible_bounds_offset": [0, 1, 0],
		"bones": [
			{
				"name": "head",
				"pivot": [0, 24, 0],
				"cubes": [
					{"origin": [-4, 24, -4], "size": [8, 8, 8], "uv": [0, 0]}
				]
			},
			{
				"name": "right_leg",
				"pivot": [-2, 12, 0],
				"cubes": [
					{"origin": [-4, 0, -2], "size": [4, 12, 4], "uv": [0, 16]}
				]
			},
			{
				"name": "left_leg",
				"mirror": true,
				"pivot": [2, 12, 0],
				"cubes": [
					{"origin": [0, 0, -2], "size": [4, 12, 4], "uv": [0, 16]}
				]
			},
			{
				"name": "right_arm",
				"pivot": [-4, 24, 0],
				"rotation": [-90, 0, 0],
				"cubes": [
					{"origin": [-8, 14, 0], "size": [4, 12, 4], "uv": [40, 16]}
				]
			},
			{
				"name": "left_arm",
				"pivot": [4, 24, 0],
				"mirror": true,
				"rotation": [-90, 0, 0],
				"cubes": [
					{"origin": [4, 14, 0], "size": [4, 12, 4], "uv": [40, 16]}
				]
			},
			{
				"name": "body",
				"pivot": [0, 24, 0],
				"cubes": [
					{"origin": [-4, 12, -2], "size": [8, 12, 4], "uv": [16, 16]}
				]
			}
		]
	}
}