{
  "format_version": "1.8.0",
  "minecraft:entity": {
	"description": {
      "identifier": "raigen:ramwolf",
      "is_spawnable": true,
      "is_summonable": true,
      "is_experimental": false
    },
	
	"component_groups": {
	  "minecraft:calm": {
	    "minecraft:variant": {
		  "value": 0
		},
		"minecraft:timer": {
		  "looping": false,
		  "randomInterval": true,
		  "time": [ 2.0, 5.0 ],
		  "time_down_event": {
		    "event": "minecraft:event_charge_attack"
		  }
		},
	    "minecraft:movement": {
		  "value": 0.24
		},
		"minecraft:attack": {
		  "damage": 2
		},
		"minecraft:underwater_movement": {
          "value": 0.24
        }
      },
	  "minecraft:charge_attack": {
	    "minecraft:variant": {
		  "value": 1
		},
		"minecraft:timer": {
		  "looping": false,
		  "randomInterval": true,
		  "time": [ 1.8, 2.0 ],
		  "time_down_event": {
		    "event": "minecraft:event_calm"
		  }
		},
		"minecraft:attack": {
		  "damage": 6
		},
	    "minecraft:movement": {
		  "value": 0.37
		},
		"minecraft:underwater_movement": {
          "value": 0.28
        }
      }
	},
	  
    "components": {
      "minecraft:fire_immune": false,
      "minecraft:burns_in_daylight": false,
      "minecraft:type_family": {
        "family": [ "monster" ]
      },
      "minecraft:collision_box": {
        "width": 0.6,
        "height": 1.8
      },
      "minecraft:health": {
        "value": 18
      },
      "minecraft:behavior.melee_attack": {
        "priority": 1,
        "track_target": true
      },
      "minecraft:behavior.move_towards_target": {
        "priority": 1,
        "speed_multiplier": 0.9,
        "within_radius": 32
      },
      "minecraft:behavior.hurt_by_target": {
        "priority": 3
      },
      "minecraft:behavior.nearest_attackable_target": {
        "priority": 1,
        "entity_types": {
          "filters": { "test" :  "is_family", "subject" : "other", "value" :  "player"},
          "max_dist": 16
        },
        "must_see": false
      },
      "minecraft:navigation.walk": {
        "can_float": false,
		"is_amphibious": true,
		"can_path_over_water": true,
        "avoid_water": true,
        "avoid_damage_blocks": true
      },
      "minecraft:behavior.break_door": {
        "priority": 1
      },
      "minecraft:movement.basic": {},
      "minecraft:jump.static": {},
      "minecraft:nameable": {},
      "minecraft:balloonable": {},
      "minecraft:behavior.float": {
        "priority": 0
      },
      "minecraft:behavior.move_towards_restriction": {
        "priority": 4,
        "speed_multiplier": 1
      },
      "minecraft:behavior.random_stroll": {
        "priority": 6,
        "speed_multiplier": 0.7
      },
      "minecraft:behavior.look_at_player": {
        "priority": 7,
        "look_distance": 6.0,
        "probability": 0.02
      },
      "minecraft:behavior.random_look_around": {
        "priority": 8
      },
	  "minecraft:physics": {
      }
    },
	
	"events": {
	  "minecraft:entity_spawned": {
	    "add": {
		  "component_groups": [
		    "minecraft:calm"
		  ]
		}
      },
	  "minecraft:event_calm": {
	    "add": {
		  "component_groups": [
		    "minecraft:calm"
		  ]
		},
		"remove": {
		  "component_groups": [
		    "minecraft:charge_attack"
		  ]
		}
	  },
	  "minecraft:event_charge_attack": {
	    "add": {
		  "component_groups": [
		    "minecraft:charge_attack"
		  ]
		},
		"remove": {
		  "component_groups": [
		    "minecraft:calm"
		  ]
		}
	  }
	}
  }
}