{
  "format_version": "1.8.0",
  "animations": {
    "animation.dragon_hearted.move": {
      "loop": true,
      "bones": {
        "dragon_mode": {
          "position": [ 0.0, "Math.cos(query.life_time * 343.774) * 1.6", 0.0 ]
        },
        "dragon_left_arm": {
          "rotation": [ 0.0, "Math.cos(query.life_time * 1489.6) * 45.0", 0.0 ]
        },
        "dragon_right_arm": {
          "rotation": [ 0.0, "Math.cos(query.life_time * 1489.6) * -45.0", 0.0 ]
        },
        "sbrbt": { "rotation": [ "Math.sin(query.life_time * 360.0 + 0) * 11.5 + 23", 0, 0 ] },
        "right_arm": { "rotation": [ "variable.tcos1", 0.0, 0.0 ] },
        "left_arm": { "rotation": [ "variable.tcos0", 0.0, 0.0 ] },
        "left_leg": { "rotation": [ "variable.tcos1 * 1.4", 0.0, 0.0 ] },
        "right_leg": { "rotation": [ "variable.tcos0 * 1.4", 0.0, 0.0 ] }
      }
    }
  }
}