{
  "format_version": "1.8.0",
  "animations": {
    "animation.trauerr.move": {
      "loop": true,
      "bones": {
		"ring1": {
          "rotation": {
		    "0.1333": [ 0, 0, 0 ],
			"20000.0": [ 0, 9000000, 0]
		  }
		},
		"ring2": {
          "rotation": {
		    "0.1333": [ 0, 0, 0 ],
			"20000.0": [ 9000000, 0, 0]
		  }
		},
		"ring3": {
          "rotation": {
		    "0.1333": [ 0, 0, 0 ],
			"20000.0": [ 0, 0, 9000000]
		  }
		},
		"main": {
          "rotation": {
		    "0.1333": [ 0, 0, 0 ],
			"20000.0": [ 0, 5000000, 0]
		  }
		}
      }
    }
  }
}