{
	"format_version": "1.8.0",
	"geometry.black_snowman": {
		"texturewidth": 64,
		"textureheight": 64,
		"visible_bounds_width": 2,
		"visible_bounds_height": 2,
		"visible_bounds_offset": [0, 1, 0],
		"bones": [
			{
				"name": "head",
				"pivot": [0, 20, 0],
				"cubes": [
					{"origin": [-4, 20, -4], "size": [8, 8, 8], "uv": [0, 0], "inflate": -0.5}
				]
			},
			{
				"name": "right_arm",
				"pivot": [0, 18, 0],
				"cubes": [
					{"origin": [-16, 16, -1], "size": [12, 2, 2], "uv": [32, 0], "inflate": -0.5}
				]
			},
			{
				"name": "left_arm",
				"pivot": [0, 18, 0],
				"cubes": [
					{"origin": [4, 16, -1], "size": [12, 2, 2], "uv": [32, 0], "inflate": -0.5}
				]
			},
			{
				"name": "body_1",
				"pivot": [0, 11, 0],
				"cubes": [
					{"origin": [-0.9, 17.8, -5], "size": [1.8, 1.8, 1], "uv": [0, 0]},
					{"origin": [-0.9, 15.1, -5], "size": [1.8, 1.8, 1], "uv": [0, 0]},
					{"origin": [-0.9, 12.4, -5], "size": [1.8, 1.8, 1], "uv": [0, 0]},
					{"origin": [-5, 11, -5], "size": [10, 10, 10], "uv": [0, 16], "inflate": -0.5}
				]
			},
			{
				"name": "body_2",
				"pivot": [0, 0, 0],
				"cubes": [
					{"origin": [-6, 0, -6], "size": [12, 12, 12], "uv": [0, 36], "inflate": -0.5},
					{"origin": [-0.9, 7.9, -6], "size": [1.8, 1.8, 1], "uv": [0, 0]},
					{"origin": [-0.9, 5.17, -6], "size": [1.8, 1.8, 1], "uv": [0, 0]},
					{"origin": [-0.9, 2.3, -6], "size": [1.8, 1.8, 1], "uv": [0, 0]}
				]
			}
		]
	}
}