{
	"format_version": "1.8.0",
	"geometry.dead_adventurers": {
		"texturewidth": 128,
		"textureheight": 64,
		"visible_bounds_width": 4,
		"visible_bounds_height": 2,
		"visible_bounds_offset": [0, 1, 0],
		"bones": [
			{
				"name": "head",
				"pivot": [0, 24, 0],
				"cubes": [
					{"origin": [-4, 24, -4], "size": [8, 8, 8], "uv": [42, 41]},
					{"origin": [-4, 24, -4], "size": [8, 8, 8], "uv": [74, 41], "inflate": 0.25}
				]
			},
			{
				"name": "right_leg",
				"pivot": [-2, 12, 0],
				"cubes": [
					{"origin": [-4, 0, -2], "size": [4, 12, 4], "uv": [16, 14]},
					{"origin": [-3, 0, -1], "size": [2, 12, 2], "uv": [8, 0]},
					{"origin": [-4, 0, -2], "size": [4, 12, 4], "uv": [42, 0], "inflate": 0.25},
					{"origin": [-4, 0, -2], "size": [4, 12, 4], "uv": [74, 0], "inflate": 0.5}
				]
			},
			{
				"name": "left_leg",
				"pivot": [2, 12, 0],
				"mirror": true,
				"cubes": [
					{"origin": [0, 0, -2], "size": [4, 12, 4], "uv": [16, 14]},
					{"origin": [1, 0, -1], "size": [2, 12, 2], "uv": [8, 0]},
					{"origin": [0, 0, -2], "size": [4, 12, 4], "uv": [42, 0], "inflate": 0.25},
					{"origin": [0, 0, -2], "size": [4, 12, 4], "uv": [74, 0], "inflate": 0.5}
				]
			},
			{
				"name": "right_arm",
				"pivot": [-4, 24, 0],
				"rotation": [-15, 0, 0],
				"cubes": [
					{"origin": [-8, 12, -2], "size": [4, 12, 4], "uv": [0, 14]},
					{"origin": [-8, 12, -2], "size": [4, 12, 4], "uv": [58, 0], "inflate": 0.5}
				]
			},
			{
				"name": "hammer",
				"parent": "right_arm",
				"pivot": [0, 24, 0],
				"cubes": [
					{"origin": [-7, 13, -15], "size": [2, 2, 1], "uv": [0, 30]},
					{"origin": [-8, 11, -14], "size": [4, 6, 4], "uv": [23, 41]},
					{"origin": [-7, 13, -10], "size": [2, 2, 19], "uv": [0, 41]},
					{"origin": [-8, 16, -14], "size": [4, 1, 4], "uv": [0, 41], "inflate": 0.25},
					{"origin": [-8, 11, -14], "size": [4, 1, 4], "uv": [0, 46], "inflate": 0.25}
				]
			},
			{
				"name": "spear",
				"parent": "right_arm",
				"pivot": [0, 24, 0],
				"cubes": [
					{"origin": [-6, 13, -25], "size": [1, 1, 40], "uv": [0, 0]},
					{"origin": [-6, 14, -23], "size": [1, 1, 4], "uv": [42, 35]},
					{"origin": [-6, 12, -23], "size": [1, 1, 4], "uv": [52, 35]},
					{"origin": [-6, 11, -21], "size": [1, 1, 4], "uv": [72, 35]},
					{"origin": [-6, 15, -21], "size": [1, 1, 4], "uv": [62, 35]}
				]
			},
			{
				"name": "sword",
				"parent": "right_arm",
				"pivot": [-5, 14, 0],
				"rotation": [45, 0, 0],
				"cubes": [
					{"origin": [-6, 11, 3], "size": [1, 1, 1], "uv": [16, 12]},
					{"origin": [-6, 11, 2], "size": [1, 1, 1], "uv": [16, 12]},
					{"origin": [-6, 11, 1], "size": [1, 1, 1], "uv": [16, 12]},
					{"origin": [-6, 12, 1], "size": [1, 1, 1], "uv": [16, 12]},
					{"origin": [-6, 12, 3], "size": [1, 1, 1], "uv": [16, 12]},
					{"origin": [-6, 13, 3], "size": [1, 1, 1], "uv": [16, 12]},
					{"origin": [-6, 13, 2], "size": [1, 1, 1], "uv": [16, 12]},
					{"origin": [-6, 12, 2], "size": [1, 1, 1], "uv": [16, 10]},
					{"origin": [-6, 13, 1], "size": [1, 1, 1], "uv": [16, 8]},
					{"origin": [-6, 15, -1], "size": [1, 1, 1], "uv": [16, 8]},
					{"origin": [-6, 14, 0], "size": [1, 1, 1], "uv": [20, 6]},
					{"origin": [-6, 14, 1], "size": [1, 1, 1], "uv": [16, 6]},
					{"origin": [-6, 15, 0], "size": [1, 1, 1], "uv": [16, 6]},
					{"origin": [-6, 13, 0], "size": [1, 1, 1], "uv": [20, 8]},
					{"origin": [-6, 14, -1], "size": [1, 1, 1], "uv": [20, 8]},
					{"origin": [-6, 16, -1], "size": [1, 1, 1], "uv": [16, 12]},
					{"origin": [-6, 15, -2], "size": [1, 1, 1], "uv": [16, 12]},
					{"origin": [-6, 17, -2], "size": [1, 1, 1], "uv": [16, 12]},
					{"origin": [-6, 18, -2], "size": [1, 1, 1], "uv": [16, 12]},
					{"origin": [-6, 16, -3], "size": [1, 1, 1], "uv": [16, 12]},
					{"origin": [-6, 16, -4], "size": [1, 1, 1], "uv": [16, 12]},
					{"origin": [-6, 14, -4], "size": [1, 1, 1], "uv": [16, 12]},
					{"origin": [-6, 14, -3], "size": [1, 1, 1], "uv": [16, 12]},
					{"origin": [-6, 17, 0], "size": [1, 1, 1], "uv": [16, 12]},
					{"origin": [-6, 18, 0], "size": [1, 1, 1], "uv": [16, 12]},
					{"origin": [-6, 19, 1], "size": [1, 1, 1], "uv": [16, 12]},
					{"origin": [-6, 20, 1], "size": [1, 1, 1], "uv": [16, 12]},
					{"origin": [-6, 20, 0], "size": [1, 1, 1], "uv": [16, 12]},
					{"origin": [-6, 19, -1], "size": [1, 1, 1], "uv": [16, 12]},
					{"origin": [-6, 15, -5], "size": [1, 1, 1], "uv": [16, 12]},
					{"origin": [-6, 14, -6], "size": [1, 1, 1], "uv": [16, 12]},
					{"origin": [-6, 13, -5], "size": [1, 1, 1], "uv": [16, 12]},
					{"origin": [-6, 13, -6], "size": [1, 1, 1], "uv": [16, 12]},
					{"origin": [-6, 14, -5], "size": [1, 1, 1], "uv": [16, 10]},
					{"origin": [-6, 19, 0], "size": [1, 1, 1], "uv": [16, 10]},
					{"origin": [-6, 15, -3], "size": [1, 1, 1], "uv": [20, 10]},
					{"origin": [-6, 17, -1], "size": [1, 1, 1], "uv": [20, 10]},
					{"origin": [-6, 16, -2], "size": [1, 1, 1], "uv": [16, 10]},
					{"origin": [-6, 18, -1], "size": [1, 1, 1], "uv": [16, 10]},
					{"origin": [-6, 15, -4], "size": [1, 1, 1], "uv": [16, 10]},
					{"origin": [-6, 17, -3], "size": [1, 1, 1], "uv": [16, 10]},
					{"origin": [-6, 18, -4], "size": [1, 1, 1], "uv": [16, 10]},
					{"origin": [-6, 19, -5], "size": [1, 1, 1], "uv": [16, 10]},
					{"origin": [-6, 20, -6], "size": [1, 1, 1], "uv": [16, 10]},
					{"origin": [-6, 21, -7], "size": [1, 1, 1], "uv": [16, 10]},
					{"origin": [-6, 22, -8], "size": [1, 1, 1], "uv": [16, 10]},
					{"origin": [-6, 24, -10], "size": [1, 1, 1], "uv": [16, 10]},
					{"origin": [-6, 23, -9], "size": [1, 1, 1], "uv": [16, 10]},
					{"origin": [-6, 25, -11], "size": [1, 1, 1], "uv": [16, 10]},
					{"origin": [-6, 17, -5], "size": [1, 1, 1], "uv": [16, 12]},
					{"origin": [-6, 18, -6], "size": [1, 1, 1], "uv": [16, 12]},
					{"origin": [-6, 19, -7], "size": [1, 1, 1], "uv": [16, 12]},
					{"origin": [-6, 20, -8], "size": [1, 1, 1], "uv": [16, 12]},
					{"origin": [-6, 21, -9], "size": [1, 1, 1], "uv": [16, 12]},
					{"origin": [-6, 22, -10], "size": [1, 1, 1], "uv": [16, 12]},
					{"origin": [-6, 23, -11], "size": [1, 1, 1], "uv": [16, 12]},
					{"origin": [-6, 24, -12], "size": [1, 1, 1], "uv": [16, 12]},
					{"origin": [-6, 26, -10], "size": [1, 1, 1], "uv": [16, 12]},
					{"origin": [-6, 25, -9], "size": [1, 1, 1], "uv": [16, 12]},
					{"origin": [-6, 24, -8], "size": [1, 1, 1], "uv": [16, 12]},
					{"origin": [-6, 23, -7], "size": [1, 1, 1], "uv": [16, 12]},
					{"origin": [-6, 21, -5], "size": [1, 1, 1], "uv": [16, 12]},
					{"origin": [-6, 22, -6], "size": [1, 1, 1], "uv": [16, 12]},
					{"origin": [-6, 19, -3], "size": [1, 1, 1], "uv": [16, 12]},
					{"origin": [-6, 20, -4], "size": [1, 1, 1], "uv": [16, 12]},
					{"origin": [-6, 25, -10], "size": [1, 1, 1], "uv": [20, 12]},
					{"origin": [-6, 24, -9], "size": [1, 1, 1], "uv": [20, 12]},
					{"origin": [-6, 23, -8], "size": [1, 1, 1], "uv": [20, 12]},
					{"origin": [-6, 22, -7], "size": [1, 1, 1], "uv": [20, 12]},
					{"origin": [-6, 20, -5], "size": [1, 1, 1], "uv": [20, 12]},
					{"origin": [-6, 21, -6], "size": [1, 1, 1], "uv": [20, 12]},
					{"origin": [-6, 18, -3], "size": [1, 1, 1], "uv": [20, 12]},
					{"origin": [-6, 19, -4], "size": [1, 1, 1], "uv": [20, 12]},
					{"origin": [-6, 24, -11], "size": [1, 1, 1], "uv": [20, 12]},
					{"origin": [-6, 23, -10], "size": [1, 1, 1], "uv": [20, 12]},
					{"origin": [-6, 22, -9], "size": [1, 1, 1], "uv": [20, 12]},
					{"origin": [-6, 21, -8], "size": [1, 1, 1], "uv": [20, 12]},
					{"origin": [-6, 19, -6], "size": [1, 1, 1], "uv": [20, 12]},
					{"origin": [-6, 20, -7], "size": [1, 1, 1], "uv": [20, 12]},
					{"origin": [-6, 17, -4], "size": [1, 1, 1], "uv": [20, 12]},
					{"origin": [-6, 18, -5], "size": [1, 1, 1], "uv": [20, 12]},
					{"origin": [-6, 25, -12], "size": [1, 1, 1], "uv": [16, 12]},
					{"origin": [-6, 26, -12], "size": [1, 1, 1], "uv": [16, 12]},
					{"origin": [-6, 26, -11], "size": [1, 1, 1], "uv": [16, 12]}
				]
			},
			{
				"name": "skeleton_right_arm",
				"parent": "right_arm",
				"pivot": [-4, 24, 0],
				"rotation": [-5, 0, 10],
				"cubes": [
					{"origin": [-6, 12, -1], "size": [2, 12, 2], "uv": [0, 0]}
				]
			},
			{
				"name": "left_arm",
				"pivot": [4, 24, 0],
				"rotation": [-15, 0, 0],
				"mirror": true,
				"cubes": [
					{"origin": [4, 12, -2], "size": [4, 12, 4], "uv": [0, 14]},
					{"origin": [4, 12, -2], "size": [4, 12, 4], "uv": [58, 0], "inflate": 0.5}
				]
			},
			{
				"name": "shield",
				"parent": "left_arm",
				"pivot": [6, 14, -2],
				"rotation": [10, -20, 0],
				"cubes": [
					{"origin": [3, 6, -4], "size": [10, 18, 1], "uv": [42, 16]}
				]
			},
			{
				"name": "skeleton_left_arm",
				"parent": "left_arm",
				"pivot": [4, 24, 0],
				"rotation": [-5, 0, -10],
				"cubes": [
					{"origin": [4, 12, -1], "size": [2, 12, 2], "uv": [0, 0], "mirror": true}
				]
			},
			{
				"name": "body",
				"pivot": [0, 24, 0],
				"cubes": [
					{"origin": [-4, 12, -2], "size": [8, 12, 4], "uv": [64, 16]},
					{"origin": [-4, 12, -2], "size": [8, 12, 4], "uv": [88, 16], "inflate": 0.25}
				]
			}
		]
	}
}