{
	"format_version": "1.8.0",
	"geometry.goblin_champion": {
		"texturewidth": 128,
		"textureheight": 128,
		"visible_bounds_width": 4,
		"visible_bounds_height": 3,
		"visible_bounds_offset": [0, 1.5, 0],
		"bones": [
			{
				"name": "body",
				"pivot": [0, 0, 0],
				"cubes": [
					{"origin": [-7, 18, -4], "size": [14, 18, 8], "uv": [74, 0]},
					{"origin": [-7, 22, -4], "size": [14, 14, 8], "uv": [0, 37], "inflate": 0.25}
				]
			},
			{
				"name": "left_leg",
				"pivot": [4, 18, 0],
				"rotation": [-10, 0, 0],
				"cubes": [
					{"origin": [1, 9, -3], "size": [6, 9, 6], "uv": [48, 90]}
				]
			},
			{
				"name": "abberbsb",
				"parent": "left_leg",
				"pivot": [4, 9, -3],
				"rotation": [25, 0, 0],
				"cubes": [
					{"origin": [1, 0, -3], "size": [6, 9, 6], "uv": [52, 75], "inflate": 0.02}
				]
			},
			{
				"name": "yfjnyhnh",
				"parent": "abberbsb",
				"pivot": [4, 0, 3],
				"rotation": [-15, 0, 0],
				"cubes": [
					{"origin": [1, -3, -5], "size": [6, 3, 8], "uv": [32, 59]},
					{"origin": [0.9, -3, -7], "size": [2, 2, 2], "uv": [8, 117]},
					{"origin": [5.1, -3, -7], "size": [2, 2, 2], "uv": [0, 117]},
					{"origin": [3, -3, -7], "size": [2, 2, 2], "uv": [24, 117]}
				]
			},
			{
				"name": "right_leg",
				"pivot": [-4, 18, 0],
				"rotation": [-10, 0, 0],
				"cubes": [
					{"origin": [-7, 9, -3], "size": [6, 9, 6], "uv": [60, 59]}
				]
			},
			{
				"name": "ebtasbbfa",
				"parent": "right_leg",
				"pivot": [4, 9, -3],
				"rotation": [25, 0, 0],
				"cubes": [
					{"origin": [-7, 0, -3], "size": [6, 9, 6], "uv": [84, 59], "inflate": 0.02}
				]
			},
			{
				"name": "sgrgbfgbs",
				"parent": "ebtasbbfa",
				"pivot": [4, 0, 3],
				"rotation": [-15, 0, 0],
				"cubes": [
					{"origin": [-7, -3, -5], "size": [6, 3, 8], "uv": [0, 75]},
					{"origin": [-7.1, -3, -7], "size": [2, 2, 2], "uv": [32, 117]},
					{"origin": [-2.9, -3, -7], "size": [2, 2, 2], "uv": [68, 109]},
					{"origin": [-5, -3, -7], "size": [2, 2, 2], "uv": [40, 117]}
				]
			},
			{
				"name": "left_arm",
				"pivot": [7, 33, 0],
				"rotation": [10, 0, 0],
				"cubes": [
					{"origin": [7, 27, -3], "size": [6, 9, 6], "uv": [0, 90]},
					{"origin": [6, 29, -4], "size": [8, 8, 8], "uv": [0, 59]}
				]
			},
			{
				"name": "basaber",
				"parent": "left_arm",
				"pivot": [10, 27, 3],
				"rotation": [-20, 0, 0],
				"cubes": [
					{"origin": [7, 18, -3], "size": [6, 9, 6], "uv": [24, 90], "inflate": 0.02}
				]
			},
			{
				"name": "right_arm",
				"pivot": [-7, 33, 0],
				"rotation": [10, 0, 0],
				"cubes": [
					{"origin": [-14, 29, -4], "size": [8, 8, 8], "uv": [76, 37]},
					{"origin": [-13, 27, -3], "size": [6, 9, 6], "uv": [28, 75]}
				]
			},
			{
				"name": "ervavaveva",
				"parent": "right_arm",
				"pivot": [10, 27, 3],
				"rotation": [-20, 0, 0],
				"cubes": [
					{"origin": [-13, 18, -3], "size": [6, 9, 6], "uv": [76, 75], "inflate": 0.02},
					{"origin": [-11, 19, -7], "size": [3, 3, 12], "uv": [44, 0]},
					{"origin": [-10, 15, -26], "size": [1, 8, 22], "uv": [81, 98]},
					{"origin": [-10, 16, -27], "size": [1, 7, 1], "uv": [81, 98]},
					{"origin": [-10, 17, -28], "size": [1, 6, 1], "uv": [81, 98]},
					{"origin": [-10, 18, -29], "size": [1, 5, 1], "uv": [81, 98]},
					{"origin": [-10, 20, -31], "size": [1, 3, 1], "uv": [85, 98]},
					{"origin": [-10, 19, -30], "size": [1, 4, 1], "uv": [81, 98]},
					{"origin": [-10, 21, -32], "size": [1, 2, 1], "uv": [85, 98]},
					{"origin": [-10, 22, -33], "size": [1, 1, 1], "uv": [85, 98]}
				]
			},
			{
				"name": "head",
				"pivot": [0, 36, 0],
				"cubes": [
					{"origin": [-4, 36, -4], "size": [8, 8, 8], "uv": [44, 37]},
					{"origin": [-1, 39, -6], "size": [2, 2, 2], "uv": [16, 117]},
					{"origin": [-1.5, 38, -5], "size": [1, 2, 1], "uv": [52, 117]},
					{"origin": [0.5, 38, -5], "size": [1, 2, 1], "uv": [48, 117]},
					{"origin": [-1, 38, -7], "size": [2, 1, 3], "uv": [68, 105], "inflate": 0.1},
					{"origin": [-4, 36, -4], "size": [8, 8, 8], "uv": [0, 0], "inflate": 0.5}
				]
			},
			{
				"name": "left_ear",
				"parent": "head",
				"pivot": [4, 40, -1],
				"rotation": [-10, 10, -2],
				"cubes": [
					{"origin": [4, 38, -1], "size": [0, 7, 5], "uv": [58, 105]}
				]
			},
			{
				"name": "right_ear",
				"parent": "head",
				"pivot": [-4, 40, -1],
				"rotation": [-10, -10, 2],
				"cubes": [
					{"origin": [-4, 38, -1], "size": [0, 7, 5], "uv": [48, 105]}
				]
			}
		]
	}
}