{
	"format_version": "1.8.0",
	"geometry.hollow_ent": {
		"texturewidth": 64,
		"textureheight": 64,
		"visible_bounds_width": 2,
		"visible_bounds_height": 2,
		"visible_bounds_offset": [0, 1, 0],
		"bones": [
			{
				"name": "left_leg",
				"pivot": [4, 8, 0],
				"cubes": [
					{"origin": [1, 0, -3], "size": [6, 8, 6], "uv": [0, 32]}
				]
			},
			{
				"name": "right_leg",
				"pivot": [-4, 8, 0],
				"cubes": [
					{"origin": [-7, 0, -3], "size": [6, 8, 6], "uv": [24, 32]}
				]
			},
			{
				"name": "body",
				"pivot": [0, 16, 0],
				"cubes": [
					{"origin": [-8, 8, -8], "size": [16, 16, 16], "uv": [0, 0]}
				]
			},
			{
				"name": "left_arm",
				"pivot": [8, 20, 0],
				"rotation": [0, 0, -5],
				"cubes": [
					{"origin": [8, 10, -2], "size": [4, 10, 4], "uv": [0, 46]}
				]
			},
			{
				"name": "right_arm",
				"pivot": [-8, 20, 0],
				"rotation": [0, 0, 5],
				"cubes": [
					{"origin": [-12, 10, -2], "size": [4, 10, 4], "uv": [16, 46]}
				]
			}
		]
	}
}