{
  "format_version": "1.8.0",
  "animations": {
    "animation.moth_mother.move": {
      "loop": true,
      "bones": {
        "body": {
          "position": [ 0.0, "Math.cos(query.life_time * 343.774) * 1.6", 0.0 ]
        },
        "right_wing": {
          "rotation": [ 0.0, "Math.cos(query.life_time * 1489.6) * 45.0", 0.0 ],
          "position": [ "-this", "-this", "-this" ]
        },
        "left_wing": {
          "rotation": [ 0.0, "Math.cos(query.life_time * 1489.6) * -45.0", 0.0 ],
          "position": [ "-this", "-this", "-this" ]
        }
      }
    }
  }
}