{
  "format_version": "1.8.0",
  "minecraft:entity": {
	"description": {
      "identifier": "raigen:dragon_hearted",
      "is_spawnable": true,
      "is_summonable": true,
      "is_experimental": false
    },
	
	"component_groups": {
	  "minecraft:human_mode": {
	    "minecraft:variant": {
		  "value": 0
		},
        "minecraft:collision_box": {
          "width": 0.6,
          "height": 1.8
        },
		"minecraft:movement": {
		  "value": 0.3
		},
		"minecraft:behavior.melee_attack": {
		  "priority": 1,
		  "track_target": true
		},
        "minecraft:behavior.move_towards_target": {
          "priority": 1,
          "speed_multiplier": 0.9,
          "within_radius": 32
        },
        "minecraft:behavior.nearest_attackable_target": {
          "priority": 1,
          "entity_types": {
            "filters": { "test" :  "is_family", "subject" : "other", "value" :  "player"},
            "max_dist": 80
          },
          "must_see": true
        },
		"minecraft:timer": {
		  "looping": false,
		  "randomInterval": true,
		  "time": [ 2.0, 5.0 ],
		  "time_down_event": {
		    "event": "minecraft:event_dragon_mode"
		  }
		}
	  },
	  "minecraft:dragon_mode": {
	    "minecraft:variant": {
		  "value": 1
		},
        "minecraft:collision_box": {
          "width": 1.7,
          "height": 5.5
        },
		"minecraft:movement": {
		  "value": 0.000001
		},
        "minecraft:shooter": {
          "def": "raigen:flame_projectile"
        },
        "minecraft:behavior.nearest_attackable_target": {
          "priority": 1,
          "entity_types": {
            "filters": { "test" :  "is_family", "subject" : "other", "value" :  "player"},
            "max_dist": 80
          },
          "must_see": false
        },
		"minecraft:behavior.ranged_attack": {
		  "priority": 1,
		  "attack_interval_min": 1,
          "attack_interval_max": 2,
          "charge_charged_trigger": 0.0,
          "charge_shoot_trigger": 4.0,
          "attack_radius": 80,
          "burst_shots": 30,
          "burst_interval": 0.001
        },
		"minecraft:timer": {
		  "looping": false,
		  "randomInterval": true,
		  "time": [ 20.0, 30.0 ],
		  "time_down_event": {
		    "event": "minecraft:event_human_mode"
		  }
		}
	  }
	},
	
    "components": {
      "minecraft:fire_immune": true,
      "minecraft:burns_in_daylight": false,
      "minecraft:type_family": {
        "family": [ "monster", "dragon" ]
      },
      "minecraft:health": {
        "value": 2000
      },
	  "minecraft:attack": {
		"damage": {
		  "range_min": 9,
		  "range_max": 15
		}
	  },
      "minecraft:fall_damage": {
        "value": 0.0
      },
      "minecraft:behavior.hurt_by_target": {
        "priority": 3
      },
      "minecraft:navigation.walk": {
        "can_float": false,
		"is_amphibious": true,
		"can_path_over_water": true,
        "avoid_water": true,
        "avoid_damage_blocks": true
      },
      "minecraft:movement.basic": {},
      "minecraft:jump.static": {},
      "minecraft:nameable": {},
      "minecraft:balloonable": {},
      "minecraft:behavior.move_towards_restriction": {
        "priority": 4,
        "speed_multiplier": 1
      },
      "minecraft:behavior.random_stroll": {
        "priority": 6,
        "speed_multiplier": 0.7
      },
      "minecraft:behavior.look_at_player": {
        "priority": 7,
        "look_distance": 6.0,
        "probability": 0.02
      },
      "minecraft:behavior.random_look_around": {
        "priority": 8
      },
	  "minecraft:physics": {
      }
    },
	
	"events": {
	  "minecraft:entity_spawned": {
	    "add": {
		  "component_groups": [
		    "minecraft:human_mode"
		  ]
		}
	  },
	  "minecraft:event_human_mode": {
	    "add": {
		  "component_groups": [
		    "minecraft:human_mode"
		  ]
		},
		"remove": {
		  "component_groups": [
		    "minecraft:dragon_mode"
		  ]
		}
      },
	  "minecraft:event_dragon_mode": {
	    "add": {
		  "component_groups": [
		    "minecraft:dragon_mode"
		  ]
		},
		"remove": {
		  "component_groups": [
		    "minecraft:human_mode"
		  ]
		}
      }
	}
  }
}