{
  "format_version": "1.8.0",
  "minecraft:entity": {
	"description": {
      "identifier": "raigen:trauerr",
      "is_spawnable": true,
      "is_summonable": true,
      "is_experimental": false
    },
	
    "components": {
      "minecraft:fire_immune": true,
      "minecraft:burns_in_daylight": false,
      "minecraft:type_family": {
        "family": [ "inanimate", "monster" ]
      },
	  "minecraft:hurt_when_wet": {
	    "value": true
	  },
      "minecraft:collision_box": {
        "width": 1.0,
        "height": 1.0
      },
	  "minecraft:damage_sensor": [
	    {
		  "cause": "projectile",
		  "deals_damage": false
		}
	  ],
      "minecraft:health": {
        "value": 50
      },
      "minecraft:movement": {
        "value": 0.3
      },
      "minecraft:navigation.walk": {
        "can_float": false,
        "avoid_water": false,
        "is_amphibious": true,
        "avoid_damage_blocks": true,
		"avoid_sun": false
      },
      "minecraft:movement.basic": {
        
      },
      "minecraft:jump.static": {
      },
      "minecraft:can_climb": {
      },
      "minecraft:attack": {
        "damage": 8,
		"effect_name": "slowness",
		"effect_duration": 3
	  },
      "minecraft:balloonable": {
      },
      "minecraft:behavior.melee_attack": {
        "priority": 1,
        "target_dist": 1.0,
        "track_target": true
      },
      "minecraft:behavior.move_towards_target": {
        "priority": 2,
        "speed_multiplier": 0.9,
        "within_radius": 32
      },
      "minecraft:behavior.move_towards_restriction": {
        "priority": 4,
        "speed_multiplier": 1
      },
      "minecraft:behavior.look_at_player": {
        "priority": 1,
        "look_distance": 6.0,
        "probability": 0.02
      },
      "minecraft:behavior.random_look_around": {
        "priority": 8
      },
      "minecraft:behavior.hurt_by_target": {
        "priority": 1
      },
      "minecraft:behavior.nearest_attackable_target": {
        "priority": 1,
        "entity_types": {
          "filters": { "test" :  "is_family", "subject" : "other", "value" :  "player"},
          "max_dist": 16
        },
		"reselect_target": true,
        "must_see": true
      },
      "minecraft:physics": {
      }
    }
  }
}