{
	"format_version": "1.8.0",
	"geometry.bone_eater": {
		"texturewidth": 96,
		"textureheight": 96,
		"visible_bounds_width": 3,
		"visible_bounds_height": 1,
		"visible_bounds_offset": [0, 0.5, 0],
		"bones": [
			{
				"name": "left_arm",
				"pivot": [5, 11, 2],
				"rotation": [30, 0, 0],
				"cubes": [
					{"origin": [5, 2, 1], "size": [3, 9, 2], "uv": [10, 60]}
				]
			},
			{
				"name": "adbada",
				"parent": "left_arm",
				"pivot": [5, 2, 1],
				"rotation": [-10, 0, 0],
				"cubes": [
					{"origin": [5, 2, -6], "size": [3, 2, 7], "uv": [58, 16]},
					{"origin": [5, 1, -7], "size": [1, 3, 1], "uv": [44, 75]},
					{"origin": [7, 1, -7], "size": [1, 3, 1], "uv": [52, 75]}
				]
			},
			{
				"name": "left_leg",
				"pivot": [3, 9, 15],
				"rotation": [-50, 0, 0],
				"cubes": [
					{"origin": [3, 2, 13], "size": [3, 9, 4], "uv": [0, 39]}
				]
			},
			{
				"name": "erqrv",
				"parent": "left_leg",
				"pivot": [5, 2, 17],
				"rotation": [45, 0, 0],
				"cubes": [
					{"origin": [3, 2, 17], "size": [3, 2, 5], "uv": [52, 52]}
				]
			},
			{
				"name": "aefbxfgnbfb",
				"parent": "erqrv",
				"pivot": [5, 4, 22],
				"rotation": [-35, 0, 0],
				"cubes": [
					{"origin": [5, -1, 22], "size": [1, 1, 3], "uv": [52, 71]},
					{"origin": [3, -1, 22], "size": [1, 1, 3], "uv": [36, 71]},
					{"origin": [3, 0, 22], "size": [3, 4, 2], "uv": [36, 60]}
				]
			},
			{
				"name": "right_arm",
				"pivot": [-5, 11, 2],
				"rotation": [30, 0, 0],
				"cubes": [
					{"origin": [-8, 2, 1], "size": [3, 9, 2], "uv": [0, 60]}
				]
			},
			{
				"name": "rnbdsrntdr",
				"parent": "right_arm",
				"pivot": [-5, 2, 1],
				"rotation": [-10, 0, 0],
				"cubes": [
					{"origin": [-8, 2, -6], "size": [3, 2, 7], "uv": [0, 28]},
					{"origin": [-8, 1, -7], "size": [1, 3, 1], "uv": [48, 75]},
					{"origin": [-6, 1, -7], "size": [1, 3, 1], "uv": [0, 79]}
				]
			},
			{
				"name": "right_leg",
				"pivot": [-3, 9, 15],
				"rotation": [-50, 0, 0],
				"cubes": [
					{"origin": [-6, 2, 13], "size": [3, 9, 4], "uv": [50, 39]}
				]
			},
			{
				"name": "wbtartb",
				"parent": "right_leg",
				"pivot": [-5, 2, 17],
				"rotation": [45, 0, 0],
				"cubes": [
					{"origin": [-6, 2, 17], "size": [3, 2, 5], "uv": [36, 52]}
				]
			},
			{
				"name": "rgbsgbrbt",
				"parent": "wbtartb",
				"pivot": [-5, 4, 22],
				"rotation": [-35, 0, 0],
				"cubes": [
					{"origin": [-4, -1, 22], "size": [1, 1, 3], "uv": [0, 75]},
					{"origin": [-6, -1, 22], "size": [1, 1, 3], "uv": [60, 71]},
					{"origin": [-6, 0, 22], "size": [3, 4, 2], "uv": [20, 63]}
				]
			},
			{
				"name": "body",
				"pivot": [0, 14, 4],
				"rotation": [-5, 0, 0],
				"cubes": [
					{"origin": [-5, 8, -1], "size": [10, 6, 10], "uv": [0, 0]},
					{"origin": [-3, 7, -1], "size": [6, 1, 10], "uv": [0, 16]},
					{"origin": [-2, 14, 0], "size": [4, 1, 2], "uv": [24, 71]},
					{"origin": [-2, 14, 3], "size": [4, 1, 2], "uv": [0, 71]},
					{"origin": [-2, 14, 6], "size": [4, 1, 2], "uv": [12, 71]}
				]
			},
			{
				"name": "qebvafv",
				"parent": "body",
				"pivot": [0, 14, -1],
				"rotation": [10, 0, 0],
				"cubes": [
					{"origin": [-3, 10, -8], "size": [6, 5, 7], "uv": [32, 16]},
					{"origin": [3, 10, -11], "size": [1, 3, 8], "uv": [20, 28]},
					{"origin": [-4, 10, -11], "size": [1, 3, 8], "uv": [38, 28]},
					{"origin": [-2, 12, -12], "size": [4, 4, 4], "uv": [20, 52]},
					{"origin": [-3, 10, -12], "size": [6, 2, 4], "uv": [0, 52]},
					{"origin": [-4, 9, -7], "size": [1, 1, 1], "uv": [24, 79]},
					{"origin": [-4, 9, -9], "size": [1, 1, 1], "uv": [24, 81]},
					{"origin": [-4, 9, -11], "size": [1, 1, 1], "uv": [28, 79]},
					{"origin": [1, 9, -12], "size": [1, 1, 1], "uv": [0, 83]},
					{"origin": [-2, 9, -12], "size": [1, 1, 1], "uv": [12, 79]},
					{"origin": [3, 9, -7], "size": [1, 1, 1], "uv": [24, 79]},
					{"origin": [3, 9, -9], "size": [1, 1, 1], "uv": [24, 81]},
					{"origin": [3, 9, -11], "size": [1, 1, 1], "uv": [28, 79]}
				]
			},
			{
				"name": "head",
				"parent": "qebvafv",
				"pivot": [0, 14, -10],
				"cubes": [
					{"origin": [-1, 13, -13], "size": [2, 2, 2], "uv": [44, 71]}
				]
			},
			{
				"name": "jaw",
				"parent": "qebvafv",
				"pivot": [0, 10, -2],
				"cubes": [
					{"origin": [-4, 8, -4], "size": [1, 2, 2], "uv": [32, 75]},
					{"origin": [3, 8, -4], "size": [1, 2, 2], "uv": [38, 75]},
					{"origin": [3, 7, -11], "size": [1, 1, 8], "uv": [14, 39]},
					{"origin": [-4, 7, -11], "size": [1, 1, 8], "uv": [32, 39]},
					{"origin": [-3, 7, -12], "size": [6, 1, 2], "uv": [20, 60]},
					{"origin": [-4, 8, -6], "size": [1, 1, 1], "uv": [4, 79]},
					{"origin": [-4, 8, -8], "size": [1, 1, 1], "uv": [4, 81]},
					{"origin": [-4, 8, -10], "size": [1, 1, 1], "uv": [8, 79]},
					{"origin": [-3, 8, -12], "size": [1, 1, 1], "uv": [8, 81]},
					{"origin": [-1, 8, -12], "size": [1, 1, 1], "uv": [4, 83]},
					{"origin": [0, 8, -12], "size": [1, 1, 1], "uv": [12, 81]},
					{"origin": [2, 8, -12], "size": [1, 1, 1], "uv": [16, 79]},
					{"origin": [3, 8, -10], "size": [1, 1, 1], "uv": [16, 81]},
					{"origin": [3, 8, -8], "size": [1, 1, 1], "uv": [20, 79]},
					{"origin": [3, 8, -6], "size": [1, 1, 1], "uv": [20, 81]}
				]
			},
			{
				"name": "eabb",
				"parent": "body",
				"pivot": [0, 14, 9],
				"rotation": [-10, 0, 0],
				"cubes": [
					{"origin": [-4, 8, 9], "size": [8, 6, 10], "uv": [40, 0]},
					{"origin": [-1, 14, 9], "size": [2, 1, 2], "uv": [16, 75]},
					{"origin": [-1, 14, 12], "size": [2, 1, 2], "uv": [24, 75]},
					{"origin": [-1, 14, 15], "size": [2, 1, 2], "uv": [8, 75]}
				]
			}
		]
	}
}