{
	"format_version": "1.8.0",
	"geometry.corrupt_villager_projectile": {
		"texturewidth": 4,
		"textureheight": 2,
		"visible_bounds_width": 1,
		"visible_bounds_height": 1,
		"visible_bounds_offset": [0, 0.5, 0],
		"bones": [
			{
				"name": "projectile",
				"pivot": [0, 0, 0],
				"cubes": [
					{"origin": [-1, 0, -1], "size": [1, 1, 1], "uv": [0, 0]},
					{"origin": [2, 4, 1], "size": [1, 1, 1], "uv": [0, 0]},
					{"origin": [-3, 4, 4], "size": [1, 1, 1], "uv": [0, 0]},
					{"origin": [-1, 6, 1], "size": [1, 1, 1], "uv": [0, 0]},
					{"origin": [-5, 8, -2], "size": [1, 1, 1], "uv": [0, 0]},
					{"origin": [-3, 4, -4], "size": [1, 1, 1], "uv": [0, 0]},
					{"origin": [4, 9, 3], "size": [1, 1, 1], "uv": [0, 0]}
				]
			}
		]
	}
}