{
	"format_version": "1.8.0",
	"geometry.corrupt_villager": {
		"texturewidth": 64,
		"textureheight": 64,
		"visible_bounds_width": 2,
		"visible_bounds_height": 2,
		"visible_bounds_offset": [0, 1, 0],
		"bones": [
			{
				"name": "head",
				"pivot": [0, 24, 0],
				"cubes": [
					{"origin": [-4, 24, -4], "size": [8, 10, 8], "uv": [0, 0]},
					{"origin": [-1, 23, -6], "size": [2, 4, 2], "uv": [24, 0]}
				]
			},
			{
				"name": "right_leg",
				"pivot": [-2, 12, 0],
				"cubes": [
					{"origin": [-4, 0, -2], "size": [4, 12, 4], "uv": [0, 22]}
				]
			},
			{
				"name": "left_leg",
				"pivot": [2, 12, 0],
				"mirror": true,
				"cubes": [
					{"origin": [0, 0, -2], "size": [4, 12, 4], "uv": [0, 22]}
				]
			},
			{
				"name": "right_arm",
				"pivot": [-4, 24, 0],
				"rotation": [-90, 0, 0],
				"cubes": [
					{"origin": [-8, 14, 0], "size": [4, 12, 4], "uv": [44, 38]}
				]
			},
			{
				"name": "left_arm",
				"pivot": [4, 24, 0],
				"rotation": [-90, 0, 0],
				"mirror": true,
				"cubes": [
					{"origin": [4, 14, 0], "size": [4, 12, 4], "uv": [44, 38]}
				]
			},
			{
				"name": "body",
				"pivot": [0, 24, 0],
				"cubes": [
					{"origin": [-4, 12, -3], "size": [8, 12, 6], "uv": [16, 20]},
					{"origin": [-4, 4, -3], "size": [8, 20, 6], "uv": [0, 38], "inflate": 0.25}
				]
			}
		]
	}
}