{
	"format_version": "1.8.0",
	"geometry.dune_maiden": {
		"texturewidth": 64,
		"textureheight": 128,
		"visible_bounds_width": 2,
		"visible_bounds_height": 2,
		"visible_bounds_offset": [0, 1, 0],
		"bones": [
			{
				"name": "body",
				"pivot": [0, 34, 0],
				"rotation": [15, 0, 0],
				"cubes": [
					{"origin": [-4, 14, -2], "size": [8, 20, 4], "uv": [16, 16]},
					{"origin": [-4, 29, -3], "size": [8, 3, 1], "uv": [0, 40]}
				]
			},
			{
				"name": "left_arm",
				"parent": "body",
				"pivot": [4, 32, 0],
				"rotation": [25, 10, -10],
				"cubes": [
					{"origin": [4, 22, -2], "size": [4, 12, 4], "uv": [40, 16]}
				]
			},
			{
				"name": "right_arm",
				"parent": "body",
				"pivot": [-4, 32, 0],
				"rotation": [25, -10, 10],
				"cubes": [
					{"origin": [-8, 22, -2], "size": [4, 12, 4], "uv": [40, 16]}
				]
			},
			{
				"name": "head",
				"parent": "body",
				"pivot": [0, 34, 0],
				"rotation": [-10, 0, 0],
				"cubes": [
					{"origin": [-4, 34, -4], "size": [8, 8, 8], "uv": [0, 0]},
					{"origin": [-4, 34, -4], "size": [8, 8, 8], "uv": [32, 0], "inflate": 0.25}
				]
			},
			{
				"name": "dust_1",
				"parent": "body",
				"pivot": [0, 27, 0],
				"cubes": [
					{"origin": [-6, 15, -6], "size": [12, 12, 12], "uv": [0, 49]}
				]
			},
			{
				"name": "dust_2",
				"parent": "dust_1",
				"pivot": [0, 19, 0],
				"cubes": [
					{"origin": [-4, 11, -4], "size": [8, 8, 8], "uv": [0, 76]}
				]
			},
			{
				"name": "dust_3",
				"parent": "dust_2",
				"pivot": [0, 19, 0],
				"cubes": [
					{"origin": [-2, 8, -2], "size": [4, 8, 4], "uv": [0, 92]}
				]
			}
		]
	}
}