{
	"format_version": "1.8.0",
	"geometry.grimstone_golem": {
		"texturewidth": 200,
		"textureheight": 128,
		"visible_bounds_width": 5,
		"visible_bounds_height": 4,
		"visible_bounds_offset": [0, 2, 0],
		"bones": [
			{
				"name": "body",
				"pivot": [0, 35, 0],
				"cubes": [
					{"origin": [-8, 27.5, -4], "size": [16, 8, 8], "uv": [0, 28]},
					{"origin": [-10, 35.5, -6], "size": [20, 16, 12], "uv": [0, 0]},
					{"origin": [10, 41.5, -4], "size": [1, 8, 8], "uv": [48, 28]},
					{"origin": [-11, 41.5, -4], "size": [1, 8, 8], "uv": [48, 28]},
					{"origin": [-2, 19.5, -4], "size": [4, 8, 8], "uv": [66, 28]},
					{"origin": [2, 20.5, -3], "size": [1, 6, 6], "uv": [36, 44]},
					{"origin": [-3, 20.5, -3], "size": [1, 6, 6], "uv": [36, 44]}
				]
			},
			{
				"name": "head",
				"pivot": [0, 51.5, -2],
				"cubes": [
					{"origin": [-6, 51.5, -6], "size": [12, 12, 12], "uv": [48, 44]}
				]
			},
			{
				"name": "left_arm",
				"pivot": [0, 46, 0],
				"mirror": true,
				"cubes": [
					{"origin": [11, 39.5, -6], "size": [12, 12, 12], "uv": [0, 44]},
					{"origin": [13, 38.5, -4], "size": [8, 1, 8], "uv": [52, 3]},
					{"origin": [12, 28.5, -5], "size": [10, 10, 10], "uv": [0, 68]},
					{"origin": [12, 17.5, -5], "size": [10, 10, 10], "uv": [0, 88]},
					{"origin": [13, 27.5, -4], "size": [8, 1, 8], "uv": [52, 3]}
				]
			},
			{
				"name": "right_arm",
				"pivot": [0, 46, 0],
				"cubes": [
					{"origin": [-22, 17.5, -5], "size": [10, 10, 10], "uv": [0, 88]},
					{"origin": [-21, 27.5, -4], "size": [8, 1, 8], "uv": [52, 3]},
					{"origin": [-21, 38.5, -4], "size": [8, 1, 8], "uv": [52, 3]},
					{"origin": [-23, 39.5, -6], "size": [12, 12, 12], "uv": [0, 44]},
					{"origin": [-22, 28.5, -5], "size": [10, 10, 10], "uv": [0, 68]},
					{"origin": [-20, 19.5, -34], "size": [6, 6, 54], "uv": [80, 68]},
					{"origin": [-19, 23.5, -36], "size": [4, 6, 6], "uv": [150, 98]},
					{"origin": [-19, 10.5, -40], "size": [4, 6, 6], "uv": [152, 80]},
					{"origin": [-18, 9.5, -36], "size": [2, 6, 8], "uv": [149, 83]},
					{"origin": [-18, 11.5, -28], "size": [2, 4, 8], "uv": [152, 94]},
					{"origin": [-18, 15.5, -21], "size": [2, 2, 4], "uv": [153, 72]},
					{"origin": [-18, 20.5, -38], "size": [2, 9, 3], "uv": [146, 68]},
					{"origin": [-18, 15.5, -41], "size": [2, 9, 3], "uv": [146, 68]},
					{"origin": [-18, 17.5, -23], "size": [2, 2, 4], "uv": [146, 68]}
				]
			},
			{
				"name": "right_leg",
				"pivot": [0, 23.5, 0],
				"cubes": [
					{"origin": [-10, 16, -3.5], "size": [7, 11, 7], "uv": [40, 68]},
					{"origin": [-9.5, 15, -3], "size": [6, 1, 6], "uv": [64, 21]},
					{"origin": [-10, 8, -3.5], "size": [7, 7, 7], "uv": [68, 68]},
					{"origin": [-10, 0, -3.5], "size": [7, 7, 7], "uv": [68, 68]},
					{"origin": [-9.5, 7, -3], "size": [6, 1, 6], "uv": [64, 21]}
				]
			},
			{
				"name": "left_leg",
				"pivot": [0, 23.5, 0],
				"mirror": true,
				"cubes": [
					{"origin": [3.5, 15, -3], "size": [6, 1, 6], "uv": [64, 21], "mirror": false},
					{"origin": [3, 8, -3.5], "size": [7, 7, 7], "uv": [68, 68], "mirror": false},
					{"origin": [3.5, 7, -3], "size": [6, 1, 6], "uv": [64, 21], "mirror": false},
					{"origin": [3, 0, -3.5], "size": [7, 7, 7], "uv": [68, 68], "mirror": false},
					{"origin": [3, 16, -3.5], "size": [7, 11, 7], "uv": [40, 68], "mirror": false}
				]
			}
		]
	}
}