{
	"format_version": "1.8.0",
	"geometry.land_shark": {
		"texturewidth": 128,
		"textureheight": 128,
		"visible_bounds_width": 5,
		"visible_bounds_height": 2,
		"visible_bounds_offset": [0, 1, 0],
		"bones": [
			{
				"name": "body",
				"pivot": [0, -5, -6],
				"cubes": [
					{"origin": [-4, -10, -6], "size": [8, 10, 12], "uv": [0, 0]}
				]
			},
			{
				"name": "body_fin",
				"parent": "body",
				"pivot": [0, 0, 0],
				"rotation": [-45, 0, 0],
				"cubes": [
					{"origin": [-1, -2, -2], "size": [2, 10, 6], "uv": [14, 37]}
				]
			},
			{
				"name": "body_left_fin",
				"parent": "body",
				"pivot": [4, -9.5, -3],
				"rotation": [33.75, -28.125, 39.375],
				"cubes": [
					{"origin": [2.5, -10, -4.5], "size": [10, 1, 5], "uv": [54, 56]}
				]
			},
			{
				"name": "body_right_fin",
				"parent": "body",
				"pivot": [-4, -9.5, -3],
				"rotation": [33.75, 28.125, -39.375],
				"cubes": [
					{"origin": [-12, -10, -5], "size": [10, 1, 5], "uv": [0, 70]}
				]
			},
			{
				"name": "neck",
				"parent": "body",
				"pivot": [0, -5, -6],
				"cubes": [
					{"origin": [-3.5, -9.5, -14], "size": [7, 9, 8], "uv": [40, 0]}
				]
			},
			{
				"name": "jaw_lower",
				"parent": "neck",
				"pivot": [0, -9.5, -14],
				"rotation": [-11.25, 0, 0],
				"cubes": [
					{"origin": [-2.5, -9.5, -21], "size": [5, 3, 7], "uv": [30, 56]}
				]
			},
			{
				"name": "jaw_up",
				"parent": "neck",
				"pivot": [0, -0.5, -14],
				"rotation": [11.25, 0, 0],
				"cubes": [
					{"origin": [-3, -5.5, -23], "size": [6, 5, 9], "uv": [0, 56]}
				]
			},
			{
				"name": "tail_1",
				"parent": "body",
				"pivot": [0, -5, 6],
				"cubes": [
					{"origin": [-3.5, -9.5, 6], "size": [7, 9, 8], "uv": [70, 0]}
				]
			},
			{
				"name": "tail_2",
				"parent": "tail_1",
				"pivot": [0, -5, 14],
				"cubes": [
					{"origin": [-2.5, -8.5, 14], "size": [5, 7, 8], "uv": [0, 22]}
				]
			},
			{
				"name": "tail_2_fin",
				"parent": "tail_2",
				"pivot": [0, -1.5, 18],
				"rotation": [-45, 0, 0],
				"cubes": [
					{"origin": [-1.5, -7.5, 22], "size": [3, 5, 8], "uv": [26, 22]},
					{"origin": [-1, -3.5, 16], "size": [2, 5, 3], "uv": [30, 37]}
				]
			},
			{
				"name": "tail_3",
				"parent": "tail_2",
				"pivot": [0, -5, 22],
				"cubes": [
					{"origin": [-1.5, -7.5, 22], "size": [3, 5, 8], "uv": [40, 0]}
				]
			},
			{
				"name": "tail_3_fins",
				"parent": "tail_3",
				"pivot": [0, -5, 30],
				"rotation": [-61.875, 0, 0],
				"cubes": [
					{"origin": [-1, -10, 30], "size": [2, 5, 8], "uv": [48, 22]},
					{"origin": [-1, -9, 25], "size": [2, 14, 5], "uv": [0, 37]}
				]
			}
		]
	}
}