{
	"format_version": "1.8.0",
	"geometry.scarecrow": {
		"texturewidth": 64,
		"textureheight": 64,
		"visible_bounds_width": 2,
		"visible_bounds_height": 3,
		"visible_bounds_offset": [0, 1.5, 0],
		"bones": [
			{
				"name": "post",
				"pivot": [0, 0, 0],
				"cubes": [
					{"origin": [-1, 0, -1], "size": [2, 32, 2], "uv": [0, 18]},
					{"origin": [-11, 32, -1], "size": [22, 2, 2], "uv": [0, 14]}
				]
			},
			{
				"name": "head",
				"pivot": [0, 34, 0],
				"cubes": [
					{"origin": [-4, 34, -4], "size": [8, 8, 8], "uv": [0, 44]},
					{"origin": [-4, 14, -3], "size": [8, 20, 6], "uv": [8, 18]},
					{"origin": [-7, 40, -7], "size": [14, 0, 14], "uv": [0, 0]}
				]
			}
		]
	}
}