{
	"geometry.vicious_spider": {
		"texturewidth": 64,
		"textureheight": 32,
		"visible_bounds_width": 2,
		"visible_bounds_height": 1,
		"visible_bounds_offset": [0, 0.5, 0],
		"bones": [
			{
				"name": "back",
				"pivot": [0, 1, 3],
				"rotation": [20, 0, 0],
				"cubes": [
					{"origin": [-5, 1, 3], "size": [10, 8, 12], "uv": [0, 12]}
				]
			},
			{
				"name": "body",
				"pivot": [0, 5, 0],
				"cubes": [
					{"origin": [-3, 2, -3], "size": [6, 6, 6], "uv": [0, 0]}
				]
			},
			{
				"name": "head",
				"pivot": [0, 5, -3],
				"rotation": [-15, 0, 0],
				"cubes": [
					{"origin": [-3, 0, -12], "size": [2, 3, 1], "uv": [40, 8]},
					{"origin": [1, 0, -12], "size": [2, 3, 1], "uv": [50, 8]},
					{"origin": [-4, 1, -11], "size": [8, 8, 8], "uv": [32, 4]}
				]
			},
			{
				"name": "left_leg_1",
				"pivot": [4, 5, -1],
				"rotation": [0, 45, -30],
				"cubes": [
					{"origin": [9, -4, -2], "size": [2, 8, 2], "uv": [12, 22]},
					{"origin": [3, 4, -2], "size": [8, 2, 2], "uv": [18, 0]}
				]
			},
			{
				"name": "left_leg_2",
				"pivot": [4, 5, 0],
				"rotation": [0, 15, -30],
				"cubes": [
					{"origin": [9, -4, -1], "size": [2, 8, 2], "uv": [12, 22]},
					{"origin": [3, 4, -1], "size": [8, 2, 2], "uv": [18, 0]}
				]
			},
			{
				"name": "left_leg_3",
				"pivot": [4, 5, 1],
				"rotation": [0, -15, -30],
				"cubes": [
					{"origin": [9, -4, 0], "size": [2, 8, 2], "uv": [12, 22]},
					{"origin": [3, 4, 0], "size": [8, 2, 2], "uv": [18, 0]}
				]
			},
			{
				"name": "left_leg_4",
				"pivot": [4, 5, 2],
				"rotation": [0, -45, -30],
				"cubes": [
					{"origin": [9, -4, 1], "size": [2, 8, 2], "uv": [12, 22]},
					{"origin": [3, 4, 1], "size": [8, 2, 2], "uv": [18, 0]}
				]
			},
			{
				"name": "right_leg_1",
				"pivot": [-4, 5, -1],
				"rotation": [0, -45, 30],
				"cubes": [
					{"origin": [-11, -4, -2], "size": [2, 8, 2], "uv": [12, 22]},
					{"origin": [-11, 4, -2], "size": [8, 2, 2], "uv": [18, 0]}
				]
			},
			{
				"name": "right_leg_2",
				"pivot": [-4, 5, 0],
				"rotation": [0, -15, 30],
				"cubes": [
					{"origin": [-11, -4, -1], "size": [2, 8, 2], "uv": [12, 22]},
					{"origin": [-11, 4, -1], "size": [8, 2, 2], "uv": [18, 0]}
				]
			},
			{
				"name": "right_leg_3",
				"pivot": [-4, 5, 1],
				"rotation": [0, 15, 30],
				"cubes": [
					{"origin": [-11, 4, 0], "size": [8, 2, 2], "uv": [18, 0]},
					{"origin": [-11, -4, 0], "size": [2, 8, 2], "uv": [12, 22]}
				]
			},
			{
				"name": "right_leg_4",
				"pivot": [-4, 5, 2],
				"rotation": [0, 45, 30],
				"cubes": [
					{"origin": [-11, -4, 1], "size": [2, 8, 2], "uv": [12, 22]},
					{"origin": [-11, 4, 1], "size": [8, 2, 2], "uv": [18, 0]}
				]
			}
		]
	}
}