{
	"format_version": "1.8.0",
	"geometry.lunarid": {
		"texturewidth": 32,
		"textureheight": 16,
		"visible_bounds_width": 2,
		"visible_bounds_height": 2,
		"visible_bounds_offset": [0, 1, 0],
		"bones": [
			{
				"name": "head",
				"pivot": [0, 24, 0],
				"cubes": [
					{"origin": [-4, 24, -4], "size": [8, 8, 8], "uv": [0, 0]}
				]
			},
			{
				"name": "right_leg",
				"pivot": [-2, 12, 0],
				"cubes": [
					{"origin": [-4, 0, -2], "size": [4, 12, 4], "uv": [0, 0]}
				]
			},
			{
				"name": "left_leg",
				"pivot": [2, 12, 0],
				"cubes": [
					{"origin": [0, 0, -2], "size": [4, 12, 4], "uv": [0, 0]}
				]
			},
			{
				"name": "right_arm",
				"pivot": [-4, 22, 0],
				"rotation": [0, -10, 0],
				"cubes": [
					{"origin": [-8, 20, -10], "size": [4, 4, 12], "uv": [0, 0]}
				]
			},
			{
				"name": "left_arm",
				"pivot": [4, 22, 0],
				"rotation": [0, 40, 0],
				"cubes": [
					{"origin": [4, 20, -10], "size": [4, 4, 12], "uv": [0, 0]}
				]
			},
			{
				"name": "body",
				"pivot": [0, 24, 0],
				"cubes": [
					{"origin": [-4, 12, -2], "size": [8, 12, 4], "uv": [0, 0]}
				]
			},
			{
				"name": "bow",
				"pivot": [-4, 22, -8],
				"rotation": [-45, 0, 0],
				"cubes": [
					{"origin": [-5, 20, -9], "size": [1, 1, 1], "uv": [28, 14]},
					{"origin": [-5, 20, -10], "size": [1, 1, 1], "uv": [28, 14]},
					{"origin": [-5, 21, -10], "size": [1, 1, 1], "uv": [28, 14]},
					{"origin": [-5, 21, -11], "size": [1, 1, 1], "uv": [28, 14]},
					{"origin": [-5, 22, -11], "size": [1, 1, 1], "uv": [28, 14]},
					{"origin": [-5, 22, -12], "size": [1, 1, 1], "uv": [28, 14]},
					{"origin": [-5, 23, -12], "size": [1, 1, 1], "uv": [28, 14]},
					{"origin": [-5, 19, -9], "size": [1, 1, 1], "uv": [28, 14]},
					{"origin": [-5, 19, -8], "size": [1, 1, 1], "uv": [28, 14]},
					{"origin": [-5, 17, -6], "size": [1, 1, 1], "uv": [28, 14]},
					{"origin": [-5, 17, -8], "size": [1, 1, 1], "uv": [28, 14]},
					{"origin": [-5, 16, -9], "size": [1, 1, 9], "uv": [12, 6]},
					{"origin": [-5, 18, -8], "size": [1, 1, 5], "uv": [20, 10]},
					{"origin": [-5, 17, -3], "size": [1, 1, 1], "uv": [28, 14]},
					{"origin": [-5, 15, -2], "size": [1, 1, 1], "uv": [28, 14]},
					{"origin": [-5, 14, -1], "size": [1, 1, 1], "uv": [28, 14]},
					{"origin": [-5, 19, -4], "size": [1, 1, 1], "uv": [28, 14]},
					{"origin": [-5, 20, -5], "size": [1, 1, 1], "uv": [28, 14]},
					{"origin": [-5, 21, -6], "size": [1, 1, 1], "uv": [28, 14]},
					{"origin": [-5, 22, -7], "size": [1, 1, 1], "uv": [28, 14]},
					{"origin": [-5, 23, -8], "size": [1, 1, 1], "uv": [28, 14]},
					{"origin": [-5, 24, -9], "size": [1, 1, 1], "uv": [28, 14]},
					{"origin": [-5, 23, -13], "size": [1, 5, 1], "uv": [28, 10]},
					{"origin": [-5, 25, -10], "size": [1, 1, 1], "uv": [28, 14]},
					{"origin": [-5, 26, -11], "size": [1, 1, 1], "uv": [28, 14]},
					{"origin": [-5, 27, -12], "size": [1, 1, 1], "uv": [28, 14]},
					{"origin": [-5, 25, -14], "size": [1, 1, 1], "uv": [28, 14]},
					{"origin": [-5, 23, -14], "size": [1, 1, 1], "uv": [28, 14]},
					{"origin": [-5, 28, -14], "size": [1, 1, 1], "uv": [28, 14]},
					{"origin": [-5, 22, -15], "size": [1, 9, 1], "uv": [28, 6]},
					{"origin": [-5, 29, -16], "size": [1, 1, 1], "uv": [28, 14]},
					{"origin": [-5, 30, -17], "size": [1, 1, 1], "uv": [28, 14]}
				]
			}
		]
	}
}