{
	"format_version": "1.8.0",
	"geometry.morgue_man": {
		"texturewidth": 64,
		"textureheight": 32,
		"visible_bounds_width": 2,
		"visible_bounds_height": 2,
		"visible_bounds_offset": [0, 1, 0],
		"bones": [
			{
				"name": "head",
				"pivot": [0, 24, 0],
				"cubes": [
					{"origin": [-4, 24, -4], "size": [8, 8, 8], "uv": [0, 0]}
				]
			},
			{
				"name": "right_leg",
				"pivot": [-2, 12, 0],
				"cubes": [
					{"origin": [-4, 0, -2], "size": [4, 12, 4], "uv": [0, 16]}
				]
			},
			{
				"name": "left_leg",
				"pivot": [2, 12, 0],
				"cubes": [
					{"origin": [0, 0, -2], "size": [4, 12, 4], "uv": [0, 16]}
				]
			},
			{
				"name": "right_arm",
				"pivot": [-4, 22, 0],
				"rotation": [-90, 0, 0],
				"cubes": [
					{"origin": [-8, 12, -2], "size": [4, 12, 4], "uv": [40, 16]}
				]
			},
			{
				"name": "shovel",
				"parent": "right_arm",
				"pivot": [-5, 14, -1],
				"rotation": [45, 0, 0],
				"cubes": [
					{"origin": [-6, 11, 2], "size": [1, 1, 1], "uv": [4, 6]},
					{"origin": [-6, 10, 2], "size": [1, 1, 1], "uv": [0, 4]},
					{"origin": [-6, 11, 3], "size": [1, 1, 1], "uv": [0, 4]},
					{"origin": [-6, 12, 3], "size": [1, 1, 1], "uv": [4, 4]},
					{"origin": [-6, 12, 2], "size": [1, 1, 1], "uv": [0, 4]},
					{"origin": [-6, 11, 1], "size": [1, 1, 1], "uv": [4, 4]},
					{"origin": [-6, 10, 1], "size": [1, 1, 1], "uv": [4, 4]},
					{"origin": [-6, 12, 1], "size": [1, 1, 1], "uv": [4, 6]},
					{"origin": [-6, 13, 1], "size": [1, 1, 1], "uv": [0, 4]},
					{"origin": [-6, 14, 0], "size": [1, 1, 1], "uv": [0, 4]},
					{"origin": [-6, 13, 0], "size": [1, 1, 1], "uv": [0, 6]},
					{"origin": [-6, 12, 0], "size": [1, 1, 1], "uv": [4, 4]},
					{"origin": [-6, 14, -2], "size": [1, 1, 1], "uv": [4, 4]},
					{"origin": [-6, 15, -3], "size": [1, 1, 1], "uv": [4, 4]},
					{"origin": [-6, 16, -4], "size": [1, 1, 1], "uv": [4, 4]},
					{"origin": [-6, 15, -1], "size": [1, 1, 1], "uv": [0, 4]},
					{"origin": [-6, 16, -2], "size": [1, 1, 1], "uv": [0, 4]},
					{"origin": [-6, 17, -3], "size": [1, 1, 1], "uv": [0, 4]},
					{"origin": [-6, 14, -1], "size": [1, 1, 1], "uv": [4, 6]},
					{"origin": [-6, 15, -2], "size": [1, 1, 1], "uv": [0, 6]},
					{"origin": [-6, 16, -3], "size": [1, 1, 1], "uv": [4, 6]},
					{"origin": [-6, 17, -5], "size": [1, 1, 1], "uv": [4, 4]},
					{"origin": [-6, 18, -4], "size": [1, 1, 1], "uv": [0, 4]},
					{"origin": [-6, 16, -6], "size": [1, 1, 1], "uv": [0, 0]},
					{"origin": [-6, 19, -3], "size": [1, 1, 1], "uv": [0, 0]},
					{"origin": [-6, 20, -4], "size": [1, 1, 1], "uv": [0, 0]},
					{"origin": [-6, 21, -5], "size": [1, 1, 1], "uv": [0, 0]},
					{"origin": [-6, 22, -6], "size": [1, 1, 1], "uv": [0, 0]},
					{"origin": [-6, 22, -7], "size": [1, 1, 1], "uv": [0, 0]},
					{"origin": [-6, 22, -8], "size": [1, 1, 1], "uv": [0, 0]},
					{"origin": [-6, 21, -9], "size": [1, 1, 1], "uv": [0, 0]},
					{"origin": [-6, 20, -9], "size": [1, 1, 1], "uv": [0, 0]},
					{"origin": [-6, 19, -9], "size": [1, 1, 1], "uv": [0, 0]},
					{"origin": [-6, 18, -8], "size": [1, 1, 1], "uv": [0, 0]},
					{"origin": [-6, 17, -7], "size": [1, 1, 1], "uv": [0, 0]},
					{"origin": [-6, 17, -4], "size": [1, 1, 1], "uv": [4, 6]},
					{"origin": [-6, 18, -5], "size": [1, 1, 1], "uv": [0, 2]},
					{"origin": [-6, 19, -5], "size": [1, 1, 1], "uv": [4, 0]},
					{"origin": [-6, 19, -4], "size": [1, 1, 1], "uv": [4, 2]},
					{"origin": [-6, 20, -5], "size": [1, 1, 1], "uv": [4, 2]},
					{"origin": [-6, 21, -6], "size": [1, 1, 1], "uv": [4, 2]},
					{"origin": [-6, 20, -6], "size": [1, 1, 1], "uv": [4, 0]},
					{"origin": [-6, 19, -6], "size": [1, 1, 1], "uv": [0, 2]},
					{"origin": [-6, 18, -6], "size": [1, 1, 1], "uv": [4, 0]},
					{"origin": [-6, 17, -6], "size": [1, 1, 1], "uv": [4, 2]},
					{"origin": [-6, 18, -7], "size": [1, 1, 1], "uv": [4, 2]},
					{"origin": [-6, 19, -7], "size": [1, 1, 1], "uv": [4, 0]},
					{"origin": [-6, 19, -8], "size": [1, 1, 1], "uv": [4, 2]},
					{"origin": [-6, 21, -8], "size": [1, 1, 1], "uv": [0, 2]},
					{"origin": [-6, 21, -7], "size": [1, 1, 1], "uv": [4, 0]},
					{"origin": [-6, 20, -8], "size": [1, 1, 1], "uv": [4, 0]},
					{"origin": [-6, 20, -7], "size": [1, 1, 1], "uv": [0, 2]},
					{"origin": [-6, 13, -1], "size": [1, 1, 1], "uv": [4, 4]}
				]
			},
			{
				"name": "left_arm",
				"pivot": [4, 22, 0],
				"rotation": [-90, 0, 0],
				"cubes": [
					{"origin": [4, 12, -2], "size": [4, 12, 4], "uv": [40, 16]}
				]
			},
			{
				"name": "body",
				"pivot": [0, 24, 0],
				"cubes": [
					{"origin": [-4, 12, -2], "size": [8, 12, 4], "uv": [16, 16]}
				]
			}
		]
	}
}