{
	"format_version": "1.8.0",
	"geometry.rootling": {
		"texturewidth": 20,
		"textureheight": 16,
		"visible_bounds_width": 1,
		"visible_bounds_height": 1,
		"visible_bounds_offset": [0, 0.5, 0],
		"bones": [
			{
				"name": "head",
				"pivot": [0, 9, 0],
				"cubes": [
					{"origin": [-2, 9, -2], "size": [4, 4, 4], "uv": [0, 0]}
				]
			},
			{
				"name": "right_leg",
				"pivot": [-1, 2, 1],
				"cubes": [
					{"origin": [-2, 0, -3], "size": [2, 3, 2], "uv": [12, 8]}
				]
			},
			{
				"name": "left_leg",
				"pivot": [1, 2, 1],
				"cubes": [
					{"origin": [0, 0, -3], "size": [2, 3, 2], "uv": [12, 8]}
				]
			},
			{
				"name": "right_arm",
				"pivot": [-1, 2, -1],
				"cubes": [
					{"origin": [-2, 0, 1], "size": [2, 3, 2], "uv": [12, 8]}
				]
			},
			{
				"name": "left_arm",
				"pivot": [1, 2, -1],
				"cubes": [
					{"origin": [0, 0, 1], "size": [2, 3, 2], "uv": [12, 8]}
				]
			},
			{
				"name": "body",
				"pivot": [0, 6, 0],
				"cubes": [
					{"origin": [-2, 3, -1], "size": [4, 6, 2], "uv": [0, 8]}
				]
			}
		]
	}
}