{
	"format_version": "1.8.0",
	"geometry.bender": {
		"texturewidth": 64,
		"textureheight": 32,
		"visible_bounds_width": 2,
		"visible_bounds_height": 1,
		"visible_bounds_offset": [0, 0.5, 0],
		"bones": [
			{
				"name": "bender",
				"pivot": [0, 0, 10],
				"rotation": [25, 0, 0],
				"cubes": []
			},
			{
				"name": "body",
				"parent": "bender",
				"pivot": [0, 12, 12],
				"rotation": [70, 0, 0],
				"cubes": [
					{"origin": [-4, 12, 8], "size": [8, 12, 4], "uv": [16, 16]}
				]
			},
			{
				"name": "left_arm",
				"parent": "body",
				"pivot": [4, 22, 10],
				"rotation": [-105, -10, 0],
				"mirror": true,
				"cubes": [
					{"origin": [4, 12, 8], "size": [4, 12, 4], "uv": [40, 16]}
				]
			},
			{
				"name": "right_arm",
				"parent": "body",
				"pivot": [-4, 22, 10],
				"rotation": [-105, 10, 0],
				"cubes": [
					{"origin": [-8, 12, 7], "size": [4, 12, 4], "uv": [40, 16]}
				]
			},
			{
				"name": "head",
				"parent": "body",
				"pivot": [0, 24, 10],
				"rotation": [20, 0, 0],
				"cubes": [
					{"origin": [-4, 24, 6], "size": [8, 8, 8], "uv": [0, 0]}
				]
			},
			{
				"name": "left_leg",
				"parent": "bender",
				"pivot": [2, 12, 10],
				"rotation": [0, 5, -10],
				"mirror": true,
				"cubes": [
					{"origin": [0, 0, 8], "size": [4, 12, 4], "uv": [0, 16]}
				]
			},
			{
				"name": "right_leg",
				"parent": "bender",
				"pivot": [-2, 12, 10],
				"rotation": [0, 5, 10],
				"cubes": [
					{"origin": [-4, 0, 8], "size": [4, 12, 4], "uv": [0, 16]}
				]
			}
		]
	}
}