{
	"format_version": "1.8.0",
	"geometry.fate_master": {
		"texturewidth": 960,
		"textureheight": 960,
		"visible_bounds_width": 11,
		"visible_bounds_height": 8,
		"visible_bounds_offset": [0, 4, 0],
		"bones": [
			{
				"name": "melee_mode",
				"pivot": [0, 0, 0],
				"cubes": []
			},
			{
				"name": "body",
				"parent": "melee_mode",
				"pivot": [0, 24, 0],
				"cubes": [
					{"origin": [-4, 12, -2], "size": [8, 12, 4], "uv": [912, 16]},
					{"origin": [-4, 12, -2], "size": [8, 12, 4], "uv": [912, 48], "inflate": 0.25},
					{"origin": [-4, 12, -2], "size": [8, 12, 4], "uv": [912, 64], "inflate": 0.125}
				]
			},
			{
				"name": "left_arm",
				"parent": "melee_mode",
				"pivot": [4, 22, 0],
				"mirror": true,
				"cubes": [
					{"origin": [4, 12, -2], "size": [4, 12, 4], "uv": [936, 16]},
					{"origin": [4, 12, -2], "size": [4, 12, 4], "uv": [936, 48], "inflate": 0.125},
					{"origin": [4, 12, -2], "size": [4, 12, 4], "uv": [936, 64], "inflate": 0.25}
				]
			},
			{
				"name": "right_arm",
				"parent": "melee_mode",
				"pivot": [-4, 22, 0],
				"cubes": [
					{"origin": [-8, 12, -2], "size": [4, 12, 4], "uv": [936, 16]},
					{"origin": [-8, 12, -2], "size": [4, 12, 4], "uv": [936, 48], "inflate": 0.125},
					{"origin": [-8, 12, -2], "size": [4, 12, 4], "uv": [936, 64], "inflate": 0.25}
				]
			},
			{
				"name": "melee_staff",
				"parent": "right_arm",
				"pivot": [-8, 14, 0],
				"rotation": [45, 0, 0],
				"cubes": [
					{"origin": [-6, 13, 0], "size": [1, 1, 1], "uv": [920, 2]},
					{"origin": [-6, 12, 0], "size": [1, 1, 1], "uv": [920, 4]},
					{"origin": [-6, 13, 1], "size": [1, 1, 1], "uv": [920, 0]},
					{"origin": [-6, 14, 0], "size": [1, 1, 1], "uv": [920, 0]},
					{"origin": [-6, 14, -1], "size": [1, 1, 1], "uv": [920, 2]},
					{"origin": [-6, 13, -1], "size": [1, 1, 1], "uv": [920, 4]},
					{"origin": [-6, 16, -2], "size": [1, 1, 1], "uv": [920, 0]},
					{"origin": [-6, 16, -3], "size": [1, 1, 1], "uv": [920, 2]},
					{"origin": [-6, 15, -3], "size": [1, 1, 1], "uv": [920, 4]},
					{"origin": [-6, 15, -1], "size": [1, 1, 1], "uv": [920, 0]},
					{"origin": [-6, 15, -2], "size": [1, 1, 1], "uv": [920, 2]},
					{"origin": [-6, 14, -2], "size": [1, 1, 1], "uv": [920, 4]},
					{"origin": [-6, 12, 2], "size": [1, 1, 1], "uv": [920, 0]},
					{"origin": [-6, 12, 1], "size": [1, 1, 1], "uv": [920, 2]},
					{"origin": [-6, 11, 1], "size": [1, 1, 1], "uv": [920, 4]},
					{"origin": [-6, 11, 3], "size": [1, 1, 1], "uv": [920, 0]},
					{"origin": [-6, 11, 2], "size": [1, 1, 1], "uv": [920, 2]},
					{"origin": [-6, 10, 2], "size": [1, 1, 1], "uv": [920, 4]},
					{"origin": [-6, 18, -4], "size": [1, 1, 1], "uv": [920, 0]},
					{"origin": [-6, 18, -5], "size": [1, 1, 1], "uv": [920, 2]},
					{"origin": [-6, 17, -5], "size": [1, 1, 1], "uv": [920, 4]},
					{"origin": [-6, 17, -3], "size": [1, 1, 1], "uv": [920, 0]},
					{"origin": [-6, 17, -4], "size": [1, 1, 1], "uv": [920, 2]},
					{"origin": [-6, 16, -4], "size": [1, 1, 1], "uv": [920, 4]},
					{"origin": [-6, 19, -5], "size": [1, 1, 1], "uv": [920, 0]},
					{"origin": [-6, 19, -6], "size": [1, 1, 1], "uv": [920, 2]},
					{"origin": [-6, 18, -6], "size": [1, 1, 1], "uv": [920, 4]},
					{"origin": [-6, 20, -6], "size": [1, 1, 1], "uv": [920, 0]},
					{"origin": [-6, 20, -7], "size": [1, 1, 1], "uv": [920, 2]},
					{"origin": [-6, 19, -7], "size": [1, 1, 1], "uv": [920, 4]},
					{"origin": [-6, 21, -7], "size": [1, 1, 1], "uv": [920, 0]},
					{"origin": [-6, 21, -8], "size": [1, 1, 1], "uv": [920, 2]},
					{"origin": [-6, 20, -8], "size": [1, 1, 1], "uv": [920, 4]},
					{"origin": [-6, 21, -9], "size": [1, 1, 1], "uv": [920, 4]},
					{"origin": [-6, 22, -9], "size": [1, 1, 1], "uv": [920, 2]},
					{"origin": [-6, 22, -8], "size": [1, 1, 1], "uv": [920, 0]},
					{"origin": [-6, 6, 8], "size": [1, 1, 1], "uv": [920, 0]},
					{"origin": [-6, 6, 7], "size": [1, 1, 1], "uv": [920, 2]},
					{"origin": [-6, 5, 7], "size": [1, 1, 1], "uv": [920, 4]},
					{"origin": [-6, 6, 9], "size": [1, 1, 1], "uv": [920, 0]},
					{"origin": [-6, 4, 7], "size": [1, 1, 1], "uv": [920, 4]},
					{"origin": [-6, 7, 7], "size": [1, 1, 1], "uv": [920, 0]},
					{"origin": [-6, 7, 6], "size": [1, 1, 1], "uv": [920, 2]},
					{"origin": [-6, 6, 6], "size": [1, 1, 1], "uv": [920, 4]},
					{"origin": [-6, 8, 6], "size": [1, 1, 1], "uv": [920, 0]},
					{"origin": [-6, 8, 5], "size": [1, 1, 1], "uv": [920, 2]},
					{"origin": [-6, 7, 5], "size": [1, 1, 1], "uv": [920, 4]},
					{"origin": [-6, 9, 5], "size": [1, 1, 1], "uv": [920, 0]},
					{"origin": [-6, 9, 4], "size": [1, 1, 1], "uv": [920, 2]},
					{"origin": [-6, 8, 4], "size": [1, 1, 1], "uv": [920, 4]},
					{"origin": [-6, 9, 3], "size": [1, 1, 1], "uv": [920, 4]},
					{"origin": [-6, 10, 3], "size": [1, 1, 1], "uv": [920, 2]},
					{"origin": [-6, 10, 4], "size": [1, 1, 1], "uv": [920, 0]},
					{"origin": [-6, 3, 8], "size": [1, 1, 1], "uv": [920, 4]},
					{"origin": [-6, 5, 10], "size": [1, 1, 1], "uv": [920, 0]},
					{"origin": [-6, 23, -9], "size": [1, 1, 1], "uv": [920, 0]},
					{"origin": [-6, 24, -9], "size": [1, 1, 1], "uv": [920, 0]},
					{"origin": [-6, 25, -9], "size": [1, 1, 1], "uv": [920, 0]},
					{"origin": [-6, 22, -10], "size": [1, 1, 1], "uv": [920, 4]},
					{"origin": [-6, 22, -11], "size": [1, 1, 1], "uv": [920, 4]},
					{"origin": [-6, 22, -12], "size": [1, 1, 1], "uv": [920, 4]},
					{"origin": [-6, 23, -13], "size": [1, 1, 1], "uv": [920, 4]},
					{"origin": [-6, 24, -14], "size": [1, 1, 1], "uv": [920, 4]},
					{"origin": [-6, 26, -10], "size": [1, 1, 1], "uv": [920, 0]},
					{"origin": [-6, 27, -11], "size": [1, 1, 1], "uv": [920, 0]},
					{"origin": [-6, 23, -10], "size": [1, 1, 1], "uv": [920, 2]},
					{"origin": [-6, 24, -11], "size": [1, 1, 1], "uv": [920, 2]}
				]
			},
			{
				"name": "fate_melee_core",
				"parent": "melee_staff",
				"pivot": [-5.5, 26.5, -12.5],
				"cubes": [
					{"origin": [-6, 26, -13], "size": [1, 1, 1], "uv": [920, 6]},
					{"origin": [-8, 27, -15], "size": [5, 0, 5], "uv": [920, 32]},
					{"origin": [-8, 26, -15], "size": [5, 0, 5], "uv": [920, 32]},
					{"origin": [-5, 24, -15], "size": [0, 5, 5], "uv": [920, 27]},
					{"origin": [-6, 24, -15], "size": [0, 5, 5], "uv": [920, 27]},
					{"origin": [-8, 24, -13], "size": [5, 5, 0], "uv": [925, 32]},
					{"origin": [-8, 24, -12], "size": [5, 5, 0], "uv": [925, 32]}
				]
			},
			{
				"name": "left_leg",
				"parent": "melee_mode",
				"pivot": [2, 12, 0],
				"mirror": true,
				"cubes": [
					{"origin": [0, 0, -2], "size": [4, 12, 4], "uv": [896, 16]},
					{"origin": [0, 0, -2], "size": [4, 12, 4], "uv": [896, 48], "inflate": 0.125},
					{"origin": [0, 0, -2], "size": [4, 12, 4], "uv": [896, 64], "inflate": 0.25}
				]
			},
			{
				"name": "right_leg",
				"parent": "melee_mode",
				"pivot": [-2, 12, 0],
				"cubes": [
					{"origin": [-4, 0, -2], "size": [4, 12, 4], "uv": [896, 16]},
					{"origin": [-4, 0, -2], "size": [4, 12, 4], "uv": [896, 48], "inflate": 0.125},
					{"origin": [-4, 0, -2], "size": [4, 12, 4], "uv": [896, 64], "inflate": 0.25}
				]
			},
			{
				"name": "head",
				"parent": "melee_mode",
				"pivot": [0, 24, 0],
				"cubes": [
					{"origin": [-4, 24, -4], "size": [8, 8, 8], "uv": [896, 0]},
					{"origin": [-4, 24, -4], "size": [8, 8, 8], "uv": [928, 0], "inflate": 0.25}
				]
			},
			{
				"name": "ranged_mode",
				"pivot": [0, 0, 0],
				"cubes": []
			},
			{
				"name": "ranged_left_arm",
				"parent": "ranged_mode",
				"pivot": [4, 22, 0],
				"rotation": [-120, 35, 0],
				"mirror": true,
				"cubes": [
					{"origin": [4, 12, -2], "size": [4, 12, 4], "uv": [880, 16]},
					{"origin": [4, 12, -2], "size": [4, 12, 4], "uv": [880, 48], "inflate": 0.125},
					{"origin": [4, 12, -2], "size": [4, 12, 4], "uv": [880, 64], "inflate": 0.25}
				]
			},
			{
				"name": "ranged_right_arm",
				"parent": "ranged_mode",
				"pivot": [-4, 22, 0],
				"rotation": [-120, -35, 0],
				"cubes": [
					{"origin": [-8, 12, -2], "size": [4, 12, 4], "uv": [880, 16]},
					{"origin": [-8, 12, -2], "size": [4, 12, 4], "uv": [880, 48], "inflate": 0.125},
					{"origin": [-8, 12, -2], "size": [4, 12, 4], "uv": [880, 64], "inflate": 0.25}
				]
			},
			{
				"name": "ranged_staff",
				"parent": "ranged_right_arm",
				"pivot": [-5, 14, 0],
				"rotation": [62, 16, -54],
				"cubes": [
					{"origin": [-5, 13, -1], "size": [1, 1, 1], "uv": [864, 2]},
					{"origin": [-5, 12, -1], "size": [1, 1, 1], "uv": [864, 4]},
					{"origin": [-5, 13, 0], "size": [1, 1, 1], "uv": [864, 0]},
					{"origin": [-5, 14, -1], "size": [1, 1, 1], "uv": [864, 0]},
					{"origin": [-5, 14, -2], "size": [1, 1, 1], "uv": [864, 2]},
					{"origin": [-5, 13, -2], "size": [1, 1, 1], "uv": [864, 4]},
					{"origin": [-5, 16, -3], "size": [1, 1, 1], "uv": [864, 0]},
					{"origin": [-5, 16, -4], "size": [1, 1, 1], "uv": [864, 2]},
					{"origin": [-5, 15, -4], "size": [1, 1, 1], "uv": [864, 4]},
					{"origin": [-5, 15, -2], "size": [1, 1, 1], "uv": [864, 0]},
					{"origin": [-5, 15, -3], "size": [1, 1, 1], "uv": [864, 2]},
					{"origin": [-5, 14, -3], "size": [1, 1, 1], "uv": [864, 4]},
					{"origin": [-5, 12, 1], "size": [1, 1, 1], "uv": [864, 0]},
					{"origin": [-5, 12, 0], "size": [1, 1, 1], "uv": [864, 2]},
					{"origin": [-5, 11, 0], "size": [1, 1, 1], "uv": [864, 4]},
					{"origin": [-5, 11, 2], "size": [1, 1, 1], "uv": [864, 0]},
					{"origin": [-5, 11, 1], "size": [1, 1, 1], "uv": [864, 2]},
					{"origin": [-5, 10, 1], "size": [1, 1, 1], "uv": [864, 4]},
					{"origin": [-5, 18, -5], "size": [1, 1, 1], "uv": [864, 0]},
					{"origin": [-5, 18, -6], "size": [1, 1, 1], "uv": [864, 2]},
					{"origin": [-5, 17, -6], "size": [1, 1, 1], "uv": [864, 4]},
					{"origin": [-5, 17, -4], "size": [1, 1, 1], "uv": [864, 0]},
					{"origin": [-5, 17, -5], "size": [1, 1, 1], "uv": [864, 2]},
					{"origin": [-5, 16, -5], "size": [1, 1, 1], "uv": [864, 4]},
					{"origin": [-5, 19, -6], "size": [1, 1, 1], "uv": [864, 0]},
					{"origin": [-5, 19, -7], "size": [1, 1, 1], "uv": [864, 2]},
					{"origin": [-5, 18, -7], "size": [1, 1, 1], "uv": [864, 4]},
					{"origin": [-5, 20, -7], "size": [1, 1, 1], "uv": [864, 0]},
					{"origin": [-5, 20, -8], "size": [1, 1, 1], "uv": [864, 2]},
					{"origin": [-5, 19, -8], "size": [1, 1, 1], "uv": [864, 4]},
					{"origin": [-5, 21, -8], "size": [1, 1, 1], "uv": [864, 0]},
					{"origin": [-5, 21, -9], "size": [1, 1, 1], "uv": [864, 2]},
					{"origin": [-5, 20, -9], "size": [1, 1, 1], "uv": [864, 4]},
					{"origin": [-5, 21, -10], "size": [1, 1, 1], "uv": [864, 4]},
					{"origin": [-5, 22, -10], "size": [1, 1, 1], "uv": [864, 2]},
					{"origin": [-5, 22, -9], "size": [1, 1, 1], "uv": [864, 0]},
					{"origin": [-5, 6, 7], "size": [1, 1, 1], "uv": [864, 0]},
					{"origin": [-5, 6, 6], "size": [1, 1, 1], "uv": [864, 2]},
					{"origin": [-5, 5, 6], "size": [1, 1, 1], "uv": [864, 4]},
					{"origin": [-5, 6, 8], "size": [1, 1, 1], "uv": [864, 0]},
					{"origin": [-5, 4, 6], "size": [1, 1, 1], "uv": [864, 4]},
					{"origin": [-5, 7, 6], "size": [1, 1, 1], "uv": [864, 0]},
					{"origin": [-5, 7, 5], "size": [1, 1, 1], "uv": [864, 2]},
					{"origin": [-5, 6, 5], "size": [1, 1, 1], "uv": [864, 4]},
					{"origin": [-5, 8, 5], "size": [1, 1, 1], "uv": [864, 0]},
					{"origin": [-5, 8, 4], "size": [1, 1, 1], "uv": [864, 2]},
					{"origin": [-5, 7, 4], "size": [1, 1, 1], "uv": [864, 4]},
					{"origin": [-5, 9, 4], "size": [1, 1, 1], "uv": [864, 0]},
					{"origin": [-5, 9, 3], "size": [1, 1, 1], "uv": [864, 2]},
					{"origin": [-5, 8, 3], "size": [1, 1, 1], "uv": [864, 4]},
					{"origin": [-5, 9, 2], "size": [1, 1, 1], "uv": [864, 4]},
					{"origin": [-5, 10, 2], "size": [1, 1, 1], "uv": [864, 2]},
					{"origin": [-5, 10, 3], "size": [1, 1, 1], "uv": [864, 0]},
					{"origin": [-5, 3, 7], "size": [1, 1, 1], "uv": [864, 4]},
					{"origin": [-5, 5, 9], "size": [1, 1, 1], "uv": [864, 0]},
					{"origin": [-5, 23, -10], "size": [1, 1, 1], "uv": [864, 0]},
					{"origin": [-5, 24, -10], "size": [1, 1, 1], "uv": [864, 0]},
					{"origin": [-5, 25, -10], "size": [1, 1, 1], "uv": [864, 0]},
					{"origin": [-5, 22, -11], "size": [1, 1, 1], "uv": [864, 4]},
					{"origin": [-5, 22, -12], "size": [1, 1, 1], "uv": [864, 4]},
					{"origin": [-5, 22, -13], "size": [1, 1, 1], "uv": [864, 4]},
					{"origin": [-5, 23, -14], "size": [1, 1, 1], "uv": [864, 4]},
					{"origin": [-5, 24, -15], "size": [1, 1, 1], "uv": [864, 4]},
					{"origin": [-5, 26, -11], "size": [1, 1, 1], "uv": [864, 0]},
					{"origin": [-5, 27, -12], "size": [1, 1, 1], "uv": [864, 0]},
					{"origin": [-5, 23, -11], "size": [1, 1, 1], "uv": [864, 2]},
					{"origin": [-5, 24, -12], "size": [1, 1, 1], "uv": [864, 2]}
				]
			},
			{
				"name": "fate_core",
				"parent": "ranged_staff",
				"pivot": [-4.5, 26.5, -13.5],
				"cubes": [
					{"origin": [-7, 24, -14], "size": [5, 5, 0], "uv": [869, 32]},
					{"origin": [-5, 26, -14], "size": [1, 1, 1], "uv": [864, 6]},
					{"origin": [-7, 24, -13], "size": [5, 5, 0], "uv": [869, 32]},
					{"origin": [-7, 27, -16], "size": [5, 0, 5], "uv": [864, 32]},
					{"origin": [-7, 26, -16], "size": [5, 0, 5], "uv": [864, 32]},
					{"origin": [-4, 24, -16], "size": [0, 5, 5], "uv": [864, 27]},
					{"origin": [-5, 24, -16], "size": [0, 5, 5], "uv": [864, 27]}
				]
			},
			{
				"name": "ranged_head",
				"parent": "ranged_mode",
				"pivot": [0, 24, 0],
				"rotation": [-45, 0, 0],
				"cubes": [
					{"origin": [-4, 24, -4], "size": [8, 8, 8], "uv": [840, 0]},
					{"origin": [-4, 24, -4], "size": [8, 8, 8], "uv": [840, 17], "inflate": 0.25}
				]
			},
			{
				"name": "vained_time",
				"pivot": [0, 0, 0],
				"cubes": []
			},
			{
				"name": "west_halo",
				"parent": "vained_time",
				"pivot": [0, 128, 0],
				"cubes": [
					{"origin": [14, 118, -10], "size": [0, 20, 20], "uv": [0, 860]}
				]
			},
			{
				"name": "south_halo",
				"parent": "vained_time",
				"pivot": [0, 128, 0],
				"cubes": [
					{"origin": [-10, 118, 14], "size": [20, 20, 0], "uv": [40, 880]}
				]
			},
			{
				"name": "east_halo",
				"parent": "vained_time",
				"pivot": [0, 128, 0],
				"cubes": [
					{"origin": [-14, 118, -10], "size": [0, 20, 20], "uv": [256, 820]}
				]
			},
			{
				"name": "north_halo",
				"parent": "vained_time",
				"pivot": [0, 128, 0],
				"cubes": [
					{"origin": [-10, 118, -14], "size": [20, 20, 0], "uv": [40, 860]}
				]
			},
			{
				"name": "center_row",
				"parent": "vained_time",
				"pivot": [0, 128, 0],
				"cubes": [
					{"origin": [23, 124, -4], "size": [8, 8, 8], "uv": [0, 0]},
					{"origin": [-4, 124, -31], "size": [8, 8, 8], "uv": [0, 0]},
					{"origin": [-31, 124, -4], "size": [8, 8, 8], "uv": [0, 0]},
					{"origin": [-4, 124, 23], "size": [8, 8, 8], "uv": [0, 0]}
				]
			},
			{
				"name": "rings",
				"pivot": [0, 0, 0],
				"cubes": []
			},
			{
				"name": "ring5",
				"parent": "rings",
				"pivot": [0, 0, 0],
				"cubes": [
					{"origin": [-16, 48, -16], "size": [32, 8, 32], "uv": [128, 748]}
				]
			},
			{
				"name": "ring4",
				"parent": "rings",
				"pivot": [0, 0, 0],
				"cubes": [
					{"origin": [-28, 40, -28], "size": [56, 8, 56], "uv": [0, 652]}
				]
			},
			{
				"name": "ring3",
				"parent": "rings",
				"pivot": [0, 0, 0],
				"cubes": [
					{"origin": [-32, 16, -32], "size": [64, 24, 64], "uv": [320, 360]}
				]
			},
			{
				"name": "ring2",
				"parent": "rings",
				"pivot": [0, 0, 0],
				"cubes": [
					{"origin": [-28, 8, -28], "size": [56, 8, 56], "uv": [204, 550]}
				]
			},
			{
				"name": "ring1",
				"parent": "rings",
				"pivot": [0, 0, 0],
				"cubes": [
					{"origin": [-16, 0, -16], "size": [32, 8, 32], "uv": [0, 748]}
				]
			},
			{
				"name": "blitzir",
				"pivot": [0, 128, 0],
				"cubes": [
					{"origin": [-68, 128, -68], "size": [136, 0, 136], "uv": [0, 0]},
					{"origin": [64, 120, -8], "size": [16, 16, 16], "uv": [0, 820]},
					{"origin": [-80, 120, -8], "size": [16, 16, 16], "uv": [0, 820]},
					{"origin": [-8, 120, -80], "size": [16, 16, 16], "uv": [0, 820]},
					{"origin": [-8, 120, 64], "size": [16, 16, 16], "uv": [0, 820]}
				]
			},
			{
				"name": "abra",
				"parent": "blitzir",
				"pivot": [0, 80, 0],
				"rotation": [0, -45, 0],
				"cubes": [
					{"origin": [64, 120, -8], "size": [16, 16, 16], "uv": [0, 820]},
					{"origin": [-8, 120, 64], "size": [16, 16, 16], "uv": [0, 820]},
					{"origin": [-80, 120, -8], "size": [16, 16, 16], "uv": [0, 820]},
					{"origin": [-8, 120, -80], "size": [16, 16, 16], "uv": [0, 820]}
				]
			},
			{
				"name": "gravitite",
				"pivot": [0, 78, 0],
				"rotation": [0, -45, 0],
				"cubes": [
					{"origin": [-8, 70, -43], "size": [16, 16, 86], "uv": [204, 448]},
					{"origin": [-43, 70, -8], "size": [86, 16, 16], "uv": [0, 716]}
				]
			},
			{
				"name": "erverw",
				"parent": "gravitite",
				"pivot": [0, 78, 0],
				"rotation": [0, 22.5, 0],
				"cubes": [
					{"origin": [-8, 70, -43], "size": [16, 16, 86], "uv": [204, 448]},
					{"origin": [-43, 70, -8], "size": [86, 16, 16], "uv": [0, 716]}
				]
			},
			{
				"name": "evawevtg",
				"parent": "gravitite",
				"pivot": [0, 78, 0],
				"rotation": [0, -22.5, 0],
				"cubes": [
					{"origin": [-8, 70, -43], "size": [16, 16, 86], "uv": [204, 448]},
					{"origin": [-43, 70, -8], "size": [86, 16, 16], "uv": [0, 716]}
				]
			},
			{
				"name": "toppp",
				"pivot": [0, 128, 0],
				"cubes": [
					{"origin": [-40, 136, -40], "size": [80, 0, 80], "uv": [0, 360]}
				]
			},
			{
				"name": "lastt",
				"pivot": [0, 128, 0],
				"cubes": [
					{"origin": [-48, 120, -48], "size": [96, 0, 96], "uv": [0, 264]}
				]
			},
			{
				"name": "midddd",
				"pivot": [0, 128, 0],
				"cubes": [
					{"origin": [-64, 128, -64], "size": [128, 0, 128], "uv": [0, 136]}
				]
			},
			{
				"name": "crown_flame",
				"pivot": [0, 0, 0],
				"cubes": []
			},
			{
				"name": "sfnbfgj",
				"parent": "crown_flame",
				"pivot": [0, 34, 3],
				"cubes": [
					{"origin": [-7, 30, 1], "size": [0, 8, 4], "uv": [832, 4]},
					{"origin": [7, 30, 1], "size": [0, 8, 4], "uv": [832, 4]},
					{"origin": [5, 30, 3], "size": [4, 8, 0], "uv": [832, 8]},
					{"origin": [-9, 30, 3], "size": [4, 8, 0], "uv": [832, 8]}
				]
			},
			{
				"name": "thrhr",
				"parent": "crown_flame",
				"pivot": [0, 34, 3],
				"rotation": [0, -45, 0],
				"cubes": [
					{"origin": [-7, 30, 1], "size": [0, 8, 4], "uv": [832, 4]},
					{"origin": [7, 30, 1], "size": [0, 8, 4], "uv": [832, 4]},
					{"origin": [5, 30, 3], "size": [4, 8, 0], "uv": [832, 8]},
					{"origin": [-9, 30, 3], "size": [4, 8, 0], "uv": [832, 8]}
				]
			},
			{
				"name": "trbfer",
				"parent": "crown_flame",
				"pivot": [0, 34, 3],
				"rotation": [0, -90, 0],
				"cubes": [
					{"origin": [-7, 30, 1], "size": [0, 8, 4], "uv": [832, 4]},
					{"origin": [7, 30, 1], "size": [0, 8, 4], "uv": [832, 4]},
					{"origin": [5, 30, 3], "size": [4, 8, 0], "uv": [832, 8]},
					{"origin": [-9, 30, 3], "size": [4, 8, 0], "uv": [832, 8]}
				]
			},
			{
				"name": "rtbrrbt",
				"parent": "crown_flame",
				"pivot": [0, 34, 3],
				"rotation": [0, 45, 0],
				"cubes": [
					{"origin": [-7, 30, 1], "size": [0, 8, 4], "uv": [832, 4]},
					{"origin": [7, 30, 1], "size": [0, 8, 4], "uv": [832, 4]},
					{"origin": [5, 30, 3], "size": [4, 8, 0], "uv": [832, 8]},
					{"origin": [-9, 30, 3], "size": [4, 8, 0], "uv": [832, 8]}
				]
			}
		]
	}
}