{
	"format_version": "1.8.0",
	"geometry.mag_i": {
		"texturewidth": 64,
		"textureheight": 64,
		"visible_bounds_width": 5,
		"visible_bounds_height": 3,
		"visible_bounds_offset": [0, 1.5, 0],
		"bones": [
			{
				"name": "main",
				"pivot": [0, 24, 0],
				"cubes": [
					{"origin": [-8, 16, -8], "size": [16, 16, 16], "uv": [0, 0]}
				]
			},
			{
				"name": "stones",
				"parent": "main",
				"pivot": [0, 24, 0],
				"cubes": [
					{"origin": [-5, 19, -38], "size": [10, 10, 10], "uv": [0, 32]},
					{"origin": [28, 19, -5], "size": [10, 10, 10], "uv": [0, 32]},
					{"origin": [-5, 19, 28], "size": [10, 10, 10], "uv": [0, 32]},
					{"origin": [-38, 19, -5], "size": [10, 10, 10], "uv": [0, 32]}
				]
			},
			{
				"name": "dbah",
				"parent": "stones",
				"pivot": [0, 24, 0],
				"rotation": [0, -45, 0],
				"cubes": [
					{"origin": [-5, 19, -38], "size": [10, 10, 10], "uv": [0, 32]},
					{"origin": [28, 19, -5], "size": [10, 10, 10], "uv": [0, 32]},
					{"origin": [-5, 19, 28], "size": [10, 10, 10], "uv": [0, 32]},
					{"origin": [-38, 19, -5], "size": [10, 10, 10], "uv": [0, 32]}
				]
			},
			{
				"name": "avrg",
				"parent": "stones",
				"pivot": [0, 24, 0],
				"rotation": [0, -11.5, 0],
				"cubes": [
					{"origin": [-5, 4, -34], "size": [10, 10, 10], "uv": [0, 32]},
					{"origin": [24, 4, -5], "size": [10, 10, 10], "uv": [0, 32]},
					{"origin": [-5, 4, 24], "size": [10, 10, 10], "uv": [0, 32]},
					{"origin": [-34, 4, -5], "size": [10, 10, 10], "uv": [0, 32]}
				]
			},
			{
				"name": "dtyntyng",
				"parent": "avrg",
				"pivot": [0, 24, 0],
				"rotation": [0, -45, 0],
				"cubes": [
					{"origin": [-5, 4, -34], "size": [10, 10, 10], "uv": [0, 32]},
					{"origin": [24, 4, -5], "size": [10, 10, 10], "uv": [0, 32]},
					{"origin": [-5, 4, 24], "size": [10, 10, 10], "uv": [0, 32]},
					{"origin": [-34, 4, -5], "size": [10, 10, 10], "uv": [0, 32]}
				]
			},
			{
				"name": "rthsbw",
				"parent": "stones",
				"pivot": [0, 24, 0],
				"rotation": [0, 11.5, 0],
				"cubes": [
					{"origin": [-5, 34, -34], "size": [10, 10, 10], "uv": [0, 32]},
					{"origin": [24, 34, -5], "size": [10, 10, 10], "uv": [0, 32]},
					{"origin": [-5, 34, 24], "size": [10, 10, 10], "uv": [0, 32]},
					{"origin": [-34, 34, -5], "size": [10, 10, 10], "uv": [0, 32]}
				]
			},
			{
				"name": "rtehstg",
				"parent": "rthsbw",
				"pivot": [0, 24, 0],
				"rotation": [0, -45, 0],
				"cubes": [
					{"origin": [-5, 34, -34], "size": [10, 10, 10], "uv": [0, 32]},
					{"origin": [24, 34, -5], "size": [10, 10, 10], "uv": [0, 32]},
					{"origin": [-5, 34, 24], "size": [10, 10, 10], "uv": [0, 32]},
					{"origin": [-34, 34, -5], "size": [10, 10, 10], "uv": [0, 32]}
				]
			}
		]
	}
}