{
	"format_version": "1.8.0",
	"geometry.skeleton_child": {
		"texturewidth": 32,
		"textureheight": 16,
		"visible_bounds_width": 1,
		"visible_bounds_height": 2,
		"visible_bounds_offset": [0, 1, 0],
		"bones": [
			{
				"name": "head",
				"pivot": [0, 12, 0],
				"cubes": [
					{"origin": [-2, 14, -2], "size": [4, 4, 4], "uv": [0, 0], "inflate": 2}
				]
			},
			{
				"name": "right_leg",
				"pivot": [0, 6, 0],
				"cubes": [
					{"origin": [-1.5, 0, -0.5], "size": [1, 6, 1], "uv": [0, 8]}
				]
			},
			{
				"name": "left_leg",
				"pivot": [0, 6, 0],
				"mirror": true,
				"cubes": [
					{"origin": [0.5, 0, -0.5], "size": [1, 6, 1], "uv": [0, 8]}
				]
			},
			{
				"name": "right_arm",
				"pivot": [0, 12, 0],
				"cubes": [
					{"origin": [-3, 6, -0.5], "size": [1, 6, 1], "uv": [20, 8]}
				]
			},
			{
				"name": "left_arm",
				"pivot": [0, 12, 0],
				"mirror": true,
				"cubes": [
					{"origin": [2, 6, -0.5], "size": [1, 6, 1], "uv": [20, 8]}
				]
			},
			{
				"name": "body",
				"pivot": [0, 12, 0],
				"cubes": [
					{"origin": [-2, 6, -1], "size": [4, 6, 2], "uv": [8, 8]}
				]
			}
		]
	}
}