{
  "format_version": "1.8.0",
  "minecraft:entity": {
	"description": {
      "identifier": "raigen:noir",
      "is_spawnable": true,
      "is_summonable": true,
      "is_experimental": false
    },
	
    "components": {
      "minecraft:fire_immune": false,
      "minecraft:burns_in_daylight": true,
      "minecraft:type_family": {
        "family": [ "monster" ]
      },
	  "minecraft:hurt_when_wet": {
	    "value": true
	  },
	  "minecraft:movement": {
	    "value": 0.19
	  },
	  "minecraft:attack": {
	    "damage": 4,
		"effect_name": "weakness",
		"effect_duration": 10
	  },
      "minecraft:collision_box": {
        "width": 0.7,
        "height": 1.9
      },
      "minecraft:health": {
        "value": 14,
		"max": 14
      },
      "minecraft:behavior.melee_attack": {
        "priority": 1,
        "track_target": true
      },
      "minecraft:behavior.move_towards_target": {
        "priority": 1,
        "speed_multiplier": 0.9,
        "within_radius": 32
      },
      "minecraft:behavior.hurt_by_target": {
        "priority": 3
      },
      "minecraft:behavior.nearest_attackable_target": {
        "priority": 1,
        "entity_types": {
          "filters": { "test" :  "is_family", "subject" : "other", "value" :  "player"},
          "max_dist": 20
        },
        "must_see": true
      },
      "minecraft:navigation.walk": {
        "can_float": true,
		"is_amphibious": false,
		"can_path_over_water": true,
        "avoid_sun": true
      },
      "minecraft:movement.basic": {},
      "minecraft:jump.static": {},
      "minecraft:nameable": {},
      "minecraft:balloonable": {},
      "minecraft:behavior.float": {
        "priority": 0
      },
      "minecraft:behavior.move_towards_restriction": {
        "priority": 4,
        "speed_multiplier": 1
      },
      "minecraft:behavior.random_stroll": {
        "priority": 6,
        "speed_multiplier": 0.7
      },
      "minecraft:behavior.look_at_player": {
        "priority": 7,
        "look_distance": 6.0,
        "probability": 0.02
      },
      "minecraft:behavior.random_look_around": {
        "priority": 8
      },
	  "minecraft:physics": {
      }
    }
  }
}