{
  "format_version": "1.8.0",
  "animations": {
    "animation.fate_master.move": {
      "loop": true,
      "bones": {
        "right_arm": { "rotation": [ "variable.tcos1", 0.0, 0.0 ] },
        "left_arm": { "rotation": [ "variable.tcos0", 0.0, 0.0 ] },
        "left_leg": { "rotation": [ "variable.tcos1 * 1.4", 0.0, 0.0 ] },
        "right_leg": { "rotation": [ "variable.tcos0 * 1.4", 0.0, 0.0 ] },
		"fate_core": {
          "position": [ 0.0, "Math.cos(query.life_time * 343.774) * 1.6", 0.0 ],
          "rotation": {
		    "0.0": [ 0, 0, 0 ],
			"20000.0": [ 4000000, 4000000, 4000000]
		  }
		},
		"fate_melee_core": {
          "position": [ 0.0, 0.0, "Math.cos(query.life_time * 343.774) * 1.6" ],
          "rotation": {
		    "0.0": [ 0, 0, 0 ],
			"20000.0": [ 4000000, 4000000, 4000000]
		  }
		},
		"crown_flame": {
          "rotation": {
		    "0.0": [ 0, 0, 0 ],
			"20000.0": [ 0, 4000000, 0]
		  }
		},
		
		"toppp": {
          "rotation": {
		    "0.0": [ 0, 0, 0 ],
			"20000.0": [ 0, 4000000, 0]
		  }
		},
		"lastt": {
          "rotation": {
		    "0.0": [ 0, 0, 0 ],
			"20000.0": [ 0, 4000000, 0]
		  }
		},
		"midddd": {
          "rotation": {
		    "0.0": [ 0, 0, 0 ],
			"20000.0": [ 0, -4000000, 0]
		  }
		},
		
		"north_halo": {
		  "rotation": {
			"0.1333": [0, 0, 0],
			"2000000.0": [0, 0, 900000000]
		  }
		},
		"south_halo": {
		  "rotation": {
			"0.1333": [0, 0, 0],
			"2000000.0": [0, 0, -900000000]
		  }
		},
		"west_halo": {
		  "rotation": {
			"0.1333": [0, 0, 0],
			"2000000.0": [-900000000, 0, 0]
		  }
		},
		"east_halo": {
		  "rotation": {
			"0.1333": [0, 0, 0],
			"2000000.0": [900000000, 0, 0]
		  }
		},
		"center_row": {
		  "rotation": {
			"0.1333": [0, 0, 0],
			"200000.0": [0, 900000000, 0]
		  }
		},
		
		"ring5": {
          "rotation": {
		    "0.0": [ 0, 0, 0 ],
			"20000.0": [ 0, 9000000, 0]
		  }
		},
		"ring4": {
          "rotation": {
		    "0.0": [ 0, 0, 0 ],
			"20000.0": [ 0, -9000000, 0]
		  }
		},
		"ring3": {
          "rotation": {
		    "0.0": [ 0, 0, 0 ],
			"20000.0": [ 0, 9000000, 0]
		  }
		},
		"ring2": {
          "rotation": {
		    "0.0": [ 0, 0, 0 ],
			"20000.0": [ 0, -9000000, 0]
		  }
		},
		"ring1": {
          "rotation": {
		    "0.0": [ 0, 0, 0 ],
			"20000.0": [ 0, 9000000, 0]
		  }
		},
		
		"blitzir": {
          "rotation": {
		    "0.0": [ 0, 0, 0 ],
			"20000.0": [ 0, 9000000, 0]
		  }
		},
		
		"gravitite": {
          "rotation": {
		    "0.0": [ 0, 0, 0 ],
			"20000.0": [ 0, 4000000, 0]
		  }
		}
      }
    }
  }
}