{
  "format_version": "1.8.0",
  "render_controllers": {
    "controller.render.variant_stud_bark": {
	  "arrays": {
        "materials": {
          "Array.materials": [ "Material.default", "Material.invisible" ]
        },
	    "textures": {
		  "Array.skins": [
		    "Texture.variant_0",
		    "Texture.variant_1",
		    "Texture.variant_2",
		    "Texture.variant_3",
		    "Texture.variant_4",
		    "Texture.variant_5"
		  ]
		}
	  },
      "geometry": "Geometry.default",
      "materials": [ { "*": "Array.materials[query.is_invisible]" } ],
      "textures": [ "Array.skins[query.variant]" ]
    }
  }
}