{
  "format_version": "1.8.0",
  "render_controllers": {
    "controller.render.variant_npc_male": {
	  "arrays": {
	    "textures": {
		  "Array.skins": [
		    "Texture.variant_0",
		    "Texture.variant_1",
		    "Texture.variant_2",
		    "Texture.variant_3",
		    "Texture.variant_4",
		    "Texture.variant_5",
		    "Texture.variant_6",
		    "Texture.variant_7",
		    "Texture.variant_8",
		    "Texture.variant_9",
		    "Texture.variant_10",
		    "Texture.variant_11",
		    "Texture.variant_12",
		    "Texture.variant_13",
		    "Texture.variant_14"
		  ]
		}
	  },
      "geometry": "Geometry.default",
      "materials": [ { "*": "Material.default" } ],
      "textures": [ "Array.skins[query.variant]" ]
    }
  }
}