{
	"format_version": "1.8.0",
	"animations": {
		"animation.vained_time.move": {
			"loop": true,
			"animation_length": 2000000,
			"bones": {
				"top_row": {
					"rotation": {
						"0.1333": [0, 0, 0],
						"200000.0": [0, -900000000, 0]
					}
				},
				"center_row": {
					"rotation": {
						"0.1333": [0, 0, 0],
						"200000.0": [0, 900000000, 0]
					}
				},
				"bottom_row": {
					"rotation": {
						"0.1333": [0, 0, 0],
						"200000.0": [0, -900000000, 0]
					}
				},
				"top_halo": {
					"rotation": {
						"0.1333": [0, 0, 0],
						"2000000.0": [0, 900000000, 0]
					}
				},
				"bottom_halo": {
					"rotation": {
						"0.1333": [0, 0, 0],
						"2000000.0": [0, 900000000, 0]
					}
				},
				"north_halo": {
					"rotation": {
						"0.1333": [0, 0, 0],
						"2000000.0": [0, 0, 900000000]
					}
				},
				"south_halo": {
					"rotation": {
						"0.1333": [0, 0, 0],
						"2000000.0": [0, 0, -900000000]
					}
				},
				"west_halo": {
					"rotation": {
						"0.1333": [0, 0, 0],
						"2000000.0": [-900000000, 0, 0]
					}
				},
				"east_halo": {
					"rotation": {
						"0.1333": [0, 0, 0],
						"2000000.0": [900000000, 0, 0]
					}
				}
			}
		}
	}
}