{
  "format_version": "1.8.0",
  "minecraft:entity": {
	"description": {
      "identifier": "raigen:corpse_crawler",
      "is_spawnable": true,
      "is_summonable": true,
      "is_experimental": false
    },
	
	"component_groups": {
	  "minecraft:attack_poison": {
	    "minecraft:attack": { "damage": 3, "effect_name": "poison", "effect_duration": 45 },
	    "minecraft:timer": {
	      "looping": false,
		  "randomInterval": true,
		  "time": [ 10.0, 30 ],
		  "time_down_event": {
		    "event": "minecraft:event_attack_roster"
		  }
	    }
	  },
	  "minecraft:attack_wither": {
	    "minecraft:attack": { "damage": 3, "effect_name": "wither", "effect_duration": 5 },
	    "minecraft:timer": {
	      "looping": false,
		  "randomInterval": true,
		  "time": [ 10.0, 30 ],
		  "time_down_event": {
		    "event": "minecraft:event_attack_roster"
		  }
	    }
	  },
	  "minecraft:attack_nausea": {
	    "minecraft:attack": { "damage": 3, "effect_name": "nausea", "effect_duration": 60 },
	    "minecraft:timer": {
	      "looping": false,
		  "randomInterval": true,
		  "time": [ 10.0, 30 ],
		  "time_down_event": {
		    "event": "minecraft:event_attack_roster"
		  }
	    }
	  },
	  "minecraft:attack_blindness": {
	    "minecraft:attack": { "damage": 3, "effect_name": "blindness", "effect_duration": 30 },
	    "minecraft:timer": {
	      "looping": false,
		  "randomInterval": true,
		  "time": [ 10.0, 30 ],
		  "time_down_event": {
		    "event": "minecraft:event_attack_roster"
		  }
	    }
	  }
	},
	
    "components": {
      "minecraft:fire_immune": false,
      "minecraft:burns_in_daylight": true,
      "minecraft:type_family": {
        "family": [ "monster", "undead", "zombie" ]
      },
      "minecraft:collision_box": {
        "width": 1.6,
        "height": 3.8
      },
      "minecraft:health": {
        "value": 80
      },
      "minecraft:movement": {
        "value": 0.18
      },
	  "minecraft:hurt_when_wet": {
	    "value": true
	  },
      "minecraft:navigation.walk": {
        "can_float": false,
        "avoid_water": false,
        "is_amphibious": true,
        "avoid_damage_blocks": true,
		"avoid_sun": true
      },
      "minecraft:movement.basic": {},
      "minecraft:jump.static": {},
      "minecraft:balloonable": {},
      "minecraft:behavior.melee_attack": {
        "priority": 1,
        "target_dist": 1.0,
        "track_target": true
      },
      "minecraft:behavior.move_towards_target": {
        "priority": 2,
        "speed_multiplier": 0.9,
        "within_radius": 32
      },
      "minecraft:behavior.move_towards_restriction": {
        "priority": 4,
        "speed_multiplier": 1
      },
      "minecraft:behavior.random_stroll": {
        "priority": 6,
        "speed_multiplier": 1,
        "xz_dist": 16
      },
      "minecraft:behavior.look_at_player": {
        "priority": 1,
        "look_distance": 6.0,
        "probability": 0.02
      },
      "minecraft:behavior.random_look_around": {
        "priority": 8
      },
      "minecraft:behavior.hurt_by_target": {
        "priority": 1
      },
      "minecraft:behavior.nearest_attackable_target": {
        "priority": 3,
        "entity_types": [
          {
            "filters": {
              "any_of" : [
                {"test" : "is_family", "subject" : "other", "value" :  "player"},
                {"test" : "is_family", "subject" : "other", "value" :  "villager"},
                {"test" : "is_family", "subject" : "other", "value" :  "golem"}
              ]
            },
            "max_dist": 50
          }
        ],
		"reselect_targets": true,
        "must_see": true
      },
      "minecraft:physics": {
      }
    },
	
	"events": {
	  "minecraft:entity_spawned": {
	    "sequence": [
		  {
            "randomize": [
              {
                "weight": 1,
                "sequence": [
                  {
                    "randomize": [
                      {
                        "weight": 85,
                        "add": { "component_groups": [ "minecraft:attack_poison" ] }
                      },
                      {
                        "weight": 85,
                        "add": { "component_groups": [ "minecraft:attack_wither" ] }
                      },
                      {
                        "weight": 85,
                        "add": { "component_groups": [ "minecraft:attack_nausea" ] }
                      },
                      {
                        "weight": 85,
                        "add": { "component_groups": [ "minecraft:attack_blindness" ] }
                      }
                    ]
                  }
                ]
              }
            ]
          }
        ]
      },
	  "minecraft:event_attack_roster": {
	    "sequence": [
		  {
            "randomize": [
              {
                "weight": 1,
                "sequence": [
                  {
                    "randomize": [
                      {
                        "weight": 85,
                        "add": { "component_groups": [ "minecraft:attack_poison" ] }
                      },
                      {
                        "weight": 85,
                        "add": { "component_groups": [ "minecraft:attack_wither" ] }
                      },
                      {
                        "weight": 85,
                        "add": { "component_groups": [ "minecraft:attack_nausea" ] }
                      },
                      {
                        "weight": 85,
                        "add": { "component_groups": [ "minecraft:attack_blindness" ] }
                      }
                    ]
                  }
                ]
              }
            ]
          }
        ]
      }
	}
  }
}