{
  "format_version": "1.8.0",
  "minecraft:entity": {
	"description": {
      "identifier": "raigen:skeleton_child",
      "is_spawnable": true,
      "is_summonable": true,
      "is_experimental": false
    },
	
	"component_groups": {
	  "minecraft:variant_0": {
	    "minecraft:variant": {
		  "value": 0
		},
		"minecraft:attack": {
		  "value": 3
		}
	  },
	  "minecraft:variant_1": {
	    "minecraft:variant": {
		  "value": 1
		},
		"minecraft:attack": {
		  "value": 3,
		  "effect_name": "slowness",
		  "effect_duration": 5
		}
	  },
	  "minecraft:variant_2": {
	    "minecraft:variant": {
		  "value": 2
		},
		"minecraft:attack": {
		  "value": 3,
		  "effect_name": "wither",
		  "effect_duration": 5
		}
	  }
	},
	
    "components": {
      "minecraft:fire_immune": false,
      "minecraft:burns_in_daylight": true,
      "minecraft:type_family": {
        "family": [ "undead", "monster", "skeleton" ]
      },
      "minecraft:collision_box": {
        "width": 0.3,
        "height": 0.9
      },
      "minecraft:health": {
        "value": 10
      },
      "minecraft:movement": {
        "value": {
		  "range_min": 0.28,
		  "range_max": 0.34
		}
      },
	  "minecraft:underwater_movement": {
	    "value": 0.21
	  },
      "minecraft:navigation.walk": {
        "can_float": false,
        "avoid_water": false,
        "is_amphibious": true,
        "avoid_damage_blocks": true,
		"avoid_sun": true,
        "can_pass_doors": true,
        "can_open_doors": true
      },
      "minecraft:behavior.break_door": {
        "priority": 1
      },
      "minecraft:movement.basic": {
        
      },
      "minecraft:jump.static": {
      },
      "minecraft:can_climb": {
      },
      "minecraft:balloonable": {
      },
      "minecraft:behavior.melee_attack": {
        "priority": 1,
        "target_dist": 1.0,
        "track_target": true
      },
      "minecraft:behavior.move_towards_target": {
        "priority": 2,
        "speed_multiplier": 0.9,
        "within_radius": 32
      },
      "minecraft:behavior.move_towards_restriction": {
        "priority": 4,
        "speed_multiplier": 1
      },
      "minecraft:behavior.random_stroll": {
        "priority": 6,
        "speed_multiplier": 1,
        "xz_dist": 16
      },
      "minecraft:behavior.look_at_player": {
        "priority": 1,
        "look_distance": 6.0,
        "probability": 0.02
      },
      "minecraft:behavior.random_look_around": {
        "priority": 8
      },
      "minecraft:behavior.hurt_by_target": {
        "priority": 1
      },
      "minecraft:behavior.nearest_attackable_target": {
        "priority": 3,
        "entity_types": [
          {
            "filters": {
              "any_of" : [
                {"test" : "is_family", "subject" : "other", "value" :  "player"},
                {"test" : "is_family", "subject" : "other", "value" :  "villager"}
              ]
            },
            "max_dist": 16
          }
        ],
        "must_see": true
      },
      "minecraft:physics": {
      }
    },
	
	"events": {
	  "minecraft:entity_spawned": {
	    "sequence": [
		  {
            "randomize": [
              {
                "weight": 1,
                "sequence": [
                  {
                    "randomize": [
                      {
                        "weight": 85,
                        "add": { "component_groups": [ "minecraft:variant_0" ] }
                      },
                      {
                        "weight": 85,
                        "add": { "component_groups": [ "minecraft:variant_1" ] }
                      },
                      {
                        "weight": 85,
                        "add": { "component_groups": [ "minecraft:variant_2" ] }
                      }
                    ]
                  }
                ]
              }
            ]
          }
        ]
      }
	}
  }
}