{
  "format_version": "1.10.0",
  "minecraft:client_entity": {
    "description": {
      "identifier": "dms:sheep_blood",
      "min_engine_version": "1.8.0",
      "materials": {
        "default": "sheep"
      },
      "textures": {
        "default": "textures/entity/pamobile/dms_sheep_blood"
      },
      "geometry": {
        "default": "geometry.sheep.v1.8",
        "sheared": "geometry.sheep.sheared.v1.8"
      },
      "animations": {
        "setup": "animation.sheep.setup",
        "grazing": "animation.sheep.grazing",
        "walk": "animation.quadruped.walk",
        "look_at_target": "animation.common.look_at_target",
        "baby_transform": "animation.sheep.baby_transform",
        "move": "controller.animation.sheep.move"
      },
      "scripts": {
        "animate": [
          "setup",
          "look_at_target",
          "move",
          {
            "baby_transform": "query.is_baby"
          }
        ]
      },
      "render_controllers": [
        "controller.render.sheep"
      ],
      "spawn_egg": {
        "texture": "dms:sheep_blood",
        "texture_index": 0
      }
    }
  }
}