{
	"format_version": "1.8.0",
	"geometry.bird_brain": {
		"texturewidth": 64,
		"textureheight": 64,
		"visible_bounds_width": 1,
		"visible_bounds_height": 1,
		"visible_bounds_offset": [0, 0.5, 0],
		"bones": [
			{
				"name": "main",
				"pivot": [0, 28, 0],
				"cubes": [
					{"origin": [-4, 23, -3], "size": [8, 12, 6], "uv": [0, 0]},
					{"origin": [-4, 27, -7], "size": [8, 4, 4], "uv": [28, 0]},
					{"origin": [-2, 23, -7], "size": [4, 4, 4], "uv": [28, 8]}
				]
			},
			{
				"name": "qwervev",
				"parent": "main",
				"pivot": [0, 24, -1],
				"cubes": [
					{"origin": [-3, 18, -2], "size": [2, 6, 2], "uv": [0, 18]}
				]
			},
			{
				"name": "earvaerver",
				"parent": "main",
				"pivot": [0, 24, -1],
				"cubes": [
					{"origin": [1, 18, -2], "size": [2, 6, 2], "uv": [16, 18]}
				]
			},
			{
				"name": "ebrab",
				"parent": "main",
				"pivot": [0, 24, -2],
				"cubes": [
					{"origin": [-1, 18, -3], "size": [2, 6, 2], "uv": [8, 26]}
				]
			},
			{
				"name": "srtth",
				"parent": "main",
				"pivot": [0, 24, 2],
				"cubes": [
					{"origin": [-3, 18, 1], "size": [2, 6, 2], "uv": [40, 26]}
				]
			},
			{
				"name": "eyhtyh",
				"parent": "main",
				"pivot": [0, 24, 2],
				"cubes": [
					{"origin": [1, 18, 1], "size": [2, 6, 2], "uv": [24, 26]}
				]
			},
			{
				"name": "rerfew",
				"parent": "main",
				"pivot": [0, 24, 1],
				"cubes": [
					{"origin": [-1, 18, 0], "size": [2, 6, 2], "uv": [32, 18]}
				]
			}
		]
	}
}