{
	"format_version": "1.8.0",
	"geometry.headless_chicken": {
		"texturewidth": 64,
		"textureheight": 32,
		"visible_bounds_width": 1,
		"visible_bounds_height": 1,
		"visible_bounds_offset": [0, 0.5, 0],
		"bones": [
			{
				"name": "body",
				"pivot": [0, 8, 0],
				"rotation": [-90, 0, 0],
				"cubes": [
					{"origin": [-3, 4, -3], "size": [6, 8, 6], "uv": [0, 9]},
					{"origin": [-1, 3, -4], "size": [2, 2, 2], "uv": [14, 4]}
				]
			},
			{
				"name": "right_leg",
				"pivot": [-2, 5, 1],
				"cubes": [
					{"origin": [-3, 0, -2], "size": [3, 5, 3], "uv": [26, 0]}
				]
			},
			{
				"name": "left_leg",
				"pivot": [1, 5, 1],
				"cubes": [
					{"origin": [0, 0, -2], "size": [3, 5, 3], "uv": [26, 0]}
				]
			},
			{
				"name": "boi",
				"pivot": [0, 0, 0],
				"cubes": [
					{"origin": [3, 7, -3], "size": [1, 4, 6], "uv": [24, 13]},
					{"origin": [-4, 7, -3], "size": [1, 4, 6], "uv": [24, 13]}
				]
			}
		]
	}
}