{
	"format_version": "1.8.0",
	"geometry.headless_horse": {
		"texturewidth": 64,
		"textureheight": 64,
		"visible_bounds_width": 3,
		"visible_bounds_height": 2,
		"visible_bounds_offset": [0, 1, 0],
		"bones": [
			{
				"name": "body",
				"pivot": [0, 13, 9],
				"cubes": [
					{"origin": [-5, 11, -11], "size": [10, 10, 22], "uv": [0, 32]}
				]
			},
			{
				"name": "tail",
				"pivot": [0, 20, 11],
				"rotation": [30, 0, 0],
				"cubes": [
					{"origin": [-1.5, 6, 9], "size": [3, 14, 4], "uv": [42, 36]}
				]
			},
			{
				"name": "left_leg",
				"pivot": [3, 11, 9],
				"cubes": [
					{"origin": [1, 0, 7], "size": [4, 11, 4], "uv": [48, 21], "mirror": true}
				]
			},
			{
				"name": "right_leg",
				"pivot": [-3, 11, 9],
				"cubes": [
					{"origin": [-5, 0, 7], "size": [4, 11, 4], "uv": [48, 21]}
				]
			},
			{
				"name": "left_arm",
				"pivot": [3, 11, -9],
				"cubes": [
					{"origin": [1, 0, -11], "size": [4, 11, 4], "uv": [48, 21], "mirror": true}
				]
			},
			{
				"name": "right_arm",
				"pivot": [-3, 11, -9],
				"cubes": [
					{"origin": [-5, 0, -11], "size": [4, 11, 4], "uv": [48, 21]}
				]
			},
			{
				"name": "Neck",
				"pivot": [0, 17, -8],
				"rotation": [30, 0, 0],
				"cubes": [
					{"origin": [-2, 16, -11], "size": [4, 12, 7], "uv": [0, 35]}
				]
			},
			{
				"name": "Mane",
				"pivot": [0, 17, -8],
				"rotation": [30, 0, 0],
				"cubes": [
					{"origin": [-1, 17, -4], "size": [2, 11, 2], "uv": [56, 36]}
				]
			}
		]
	}
}