{
	"format_version": "1.8.0",
	"geometry.minotaur": {
		"texturewidth": 64,
		"textureheight": 64,
		"visible_bounds_width": 3,
		"visible_bounds_height": 3,
		"visible_bounds_offset": [0, 1.5, 0],
		"bones": [
			{
				"name": "cow_body",
				"pivot": [0, 0, 0],
				"rotation": [90, 0, 0],
				"cubes": [
					{"origin": [-6, -9, 12], "size": [12, 18, 10], "uv": [20, 20]},
					{"origin": [-3, -8, 11], "size": [6, 6, 1], "uv": [24, 32]}
				]
			},
			{
				"name": "cow_left_arm",
				"pivot": [4, 12, -7],
				"mirror": true,
				"cubes": [
					{"origin": [2, 0, -9], "size": [4, 12, 4], "uv": [0, 16]}
				]
			},
			{
				"name": "cow_right_leg",
				"pivot": [-4, 12, 7],
				"cubes": [
					{"origin": [-6, 0, 5], "size": [4, 12, 4], "uv": [0, 16]}
				]
			},
			{
				"name": "cow_right_arm",
				"pivot": [-4, 12, -7],
				"cubes": [
					{"origin": [-6, 0, -9], "size": [4, 12, 4], "uv": [0, 16]}
				]
			},
			{
				"name": "cow_left_leg",
				"pivot": [4, 12, 7],
				"mirror": true,
				"cubes": [
					{"origin": [2, 0, 5], "size": [4, 12, 4], "uv": [0, 16]}
				]
			},
			{
				"name": "body",
				"pivot": [0, 22, -5],
				"cubes": [
					{"origin": [-4, 22, -9], "size": [8, 12, 4], "uv": [0, 48]}
				]
			},
			{
				"name": "right_arm",
				"pivot": [-4, 32, -7],
				"cubes": [
					{"origin": [-8, 22, -9], "size": [4, 12, 4], "uv": [24, 48]}
				]
			},
			{
				"name": "axe_right",
				"parent": "right_arm",
				"pivot": [-5, 24, -8],
				"rotation": [135, 0, 0],
				"cubes": [
					{"origin": [-6, 20, -12], "size": [1, 1, 1], "uv": [45, 62]},
					{"origin": [-6, 20, -11], "size": [1, 1, 1], "uv": [45, 62]},
					{"origin": [-6, 21, -10], "size": [1, 1, 1], "uv": [45, 62]},
					{"origin": [-6, 22, -9], "size": [1, 1, 1], "uv": [45, 62]},
					{"origin": [-6, 23, -8], "size": [1, 1, 1], "uv": [45, 62]},
					{"origin": [-6, 24, -7], "size": [1, 1, 1], "uv": [45, 62]},
					{"origin": [-6, 25, -6], "size": [1, 1, 1], "uv": [45, 62]},
					{"origin": [-6, 26, -5], "size": [1, 1, 1], "uv": [45, 62]},
					{"origin": [-6, 27, -4], "size": [1, 1, 1], "uv": [45, 62]},
					{"origin": [-6, 21, -11], "size": [1, 1, 1], "uv": [45, 60]},
					{"origin": [-6, 23, -9], "size": [1, 1, 1], "uv": [45, 60]},
					{"origin": [-6, 26, -6], "size": [1, 1, 1], "uv": [45, 60]},
					{"origin": [-6, 22, -10], "size": [1, 1, 1], "uv": [49, 58]},
					{"origin": [-6, 24, -8], "size": [1, 1, 1], "uv": [49, 58]},
					{"origin": [-6, 25, -7], "size": [1, 1, 1], "uv": [49, 58]},
					{"origin": [-6, 27, -5], "size": [1, 1, 1], "uv": [49, 58]},
					{"origin": [-6, 21, -12], "size": [1, 1, 1], "uv": [45, 58]},
					{"origin": [-6, 22, -11], "size": [1, 1, 1], "uv": [45, 58]},
					{"origin": [-6, 23, -10], "size": [1, 1, 1], "uv": [45, 58]},
					{"origin": [-6, 24, -9], "size": [1, 1, 1], "uv": [45, 58]},
					{"origin": [-6, 25, -8], "size": [1, 1, 1], "uv": [45, 58]},
					{"origin": [-6, 26, -7], "size": [1, 1, 1], "uv": [45, 58]},
					{"origin": [-6, 27, -6], "size": [1, 1, 1], "uv": [45, 58]},
					{"origin": [-6, 28, -5], "size": [1, 1, 1], "uv": [45, 58]},
					{"origin": [-6, 29, -2], "size": [1, 1, 1], "uv": [45, 62]},
					{"origin": [-6, 26, -3], "size": [1, 1, 1], "uv": [49, 60]},
					{"origin": [-6, 26, -2], "size": [1, 1, 1], "uv": [49, 60]},
					{"origin": [-6, 27, -1], "size": [1, 1, 1], "uv": [49, 60]},
					{"origin": [-6, 28, -1], "size": [1, 1, 1], "uv": [49, 60]},
					{"origin": [-6, 30, -2], "size": [1, 1, 1], "uv": [49, 58]},
					{"origin": [-6, 30, -3], "size": [1, 1, 1], "uv": [45, 58]},
					{"origin": [-6, 28, -2], "size": [1, 1, 1], "uv": [49, 62]},
					{"origin": [-6, 27, -2], "size": [1, 1, 1], "uv": [49, 62]},
					{"origin": [-6, 27, -3], "size": [1, 1, 1], "uv": [49, 62]},
					{"origin": [-6, 28, -4], "size": [1, 1, 1], "uv": [49, 62]},
					{"origin": [-6, 29, -3], "size": [1, 1, 1], "uv": [49, 62]},
					{"origin": [-6, 29, -5], "size": [1, 1, 1], "uv": [49, 62]},
					{"origin": [-6, 30, -6], "size": [1, 1, 1], "uv": [49, 62]},
					{"origin": [-6, 31, -5], "size": [1, 1, 1], "uv": [49, 62]},
					{"origin": [-6, 30, -4], "size": [1, 1, 1], "uv": [49, 62]},
					{"origin": [-6, 30, -5], "size": [1, 1, 1], "uv": [49, 62]},
					{"origin": [-6, 29, -4], "size": [1, 1, 1], "uv": [53, 62]},
					{"origin": [-6, 28, -3], "size": [1, 1, 1], "uv": [53, 62]},
					{"origin": [-6, 29, -6], "size": [1, 1, 1], "uv": [53, 60]},
					{"origin": [-6, 31, -4], "size": [1, 1, 1], "uv": [53, 60]},
					{"origin": [-6, 29, -7], "size": [1, 1, 1], "uv": [53, 58]},
					{"origin": [-6, 30, -7], "size": [1, 1, 1], "uv": [53, 58]},
					{"origin": [-6, 31, -6], "size": [1, 1, 1], "uv": [53, 58]},
					{"origin": [-6, 32, -5], "size": [1, 1, 1], "uv": [53, 58]},
					{"origin": [-6, 32, -4], "size": [1, 1, 1], "uv": [53, 58]},
					{"origin": [-6, 28, -6], "size": [1, 1, 1], "uv": [57, 62]},
					{"origin": [-6, 28, -7], "size": [1, 1, 1], "uv": [57, 62]},
					{"origin": [-6, 29, -8], "size": [1, 1, 1], "uv": [57, 62]},
					{"origin": [-6, 30, -8], "size": [1, 1, 1], "uv": [57, 60]},
					{"origin": [-6, 31, -7], "size": [1, 1, 1], "uv": [57, 60]},
					{"origin": [-6, 32, -6], "size": [1, 1, 1], "uv": [57, 60]},
					{"origin": [-6, 33, -5], "size": [1, 1, 1], "uv": [57, 60]},
					{"origin": [-6, 33, -4], "size": [1, 1, 1], "uv": [57, 60]},
					{"origin": [-6, 32, -3], "size": [1, 1, 1], "uv": [57, 60]},
					{"origin": [-6, 31, -3], "size": [1, 1, 1], "uv": [57, 60]}
				]
			},
			{
				"name": "left_arm",
				"pivot": [4, 32, -7],
				"mirror": true,
				"cubes": [
					{"origin": [4, 22, -9], "size": [4, 12, 4], "uv": [24, 48]}
				]
			},
			{
				"name": "head",
				"pivot": [0, 34, -7],
				"cubes": [
					{"origin": [-4, 34, -11], "size": [8, 8, 8], "uv": [0, 0]},
					{"origin": [4, 40, -8], "size": [1, 3, 1], "uv": [24, 2]},
					{"origin": [-5, 40, -8], "size": [1, 3, 1], "uv": [24, 2]}
				]
			}
		]
	}
}