{
	"format_version": "1.8.0",
	"geometry.skinless_hand": {
		"texturewidth": 512,
		"textureheight": 512,
		"visible_bounds_width": 2,
		"visible_bounds_height": 4,
		"visible_bounds_offset": [0, 2, 0],
		"bones": [
			{
				"name": "arm",
				"pivot": [0, 0, 0],
				"cubes": [
					{"origin": [-2, -3, 3], "size": [4, 12, 4], "uv": [0, 224]},
					{"origin": [-7, -3, -2], "size": [4, 12, 4], "uv": [0, 224]},
					{"origin": [3, -3, -2], "size": [4, 12, 4], "uv": [0, 224]},
					{"origin": [-2, -3, -7], "size": [4, 12, 4], "uv": [0, 224]},
					{"origin": [2, -3, -6], "size": [4, 12, 4], "uv": [0, 224]},
					{"origin": [-6, -3, -6], "size": [4, 12, 4], "uv": [0, 224]},
					{"origin": [-6, -3, 2], "size": [4, 12, 4], "uv": [0, 224]},
					{"origin": [2, -3, 2], "size": [4, 12, 4], "uv": [0, 224]},
					{"origin": [2, 9, -2], "size": [4, 12, 4], "uv": [0, 224]},
					{"origin": [-2, 9, -4], "size": [4, 12, 4], "uv": [0, 224]},
					{"origin": [-2, 9, 2], "size": [4, 12, 4], "uv": [0, 224]},
					{"origin": [-6, 9, -2], "size": [4, 12, 4], "uv": [0, 224]},
					{"origin": [-5, 9, -5], "size": [4, 12, 4], "uv": [0, 224]},
					{"origin": [-5, 9, 1], "size": [4, 12, 4], "uv": [0, 224]},
					{"origin": [1, 9, 1], "size": [4, 12, 4], "uv": [0, 224]},
					{"origin": [1, 9, -5], "size": [4, 12, 4], "uv": [0, 224]}
				]
			},
			{
				"name": "head",
				"pivot": [0, 21, 0],
				"cubes": [
					{"origin": [-2, 21, -2], "size": [4, 7, 4], "uv": [16, 224]},
					{"origin": [2, 21, -3], "size": [4, 7, 4], "uv": [16, 224]},
					{"origin": [-6, 21, -3], "size": [4, 7, 4], "uv": [16, 224]},
					{"origin": [-8, 21, 1], "size": [16, 7, 4], "uv": [32, 224]},
					{"origin": [5, 23, -1], "size": [5, 7, 4], "uv": [108, 224]},
					{"origin": [8, 26, -3], "size": [5, 7, 5], "uv": [108, 235]},
					{"origin": [10, 31, -4], "size": [5, 7, 5], "uv": [108, 235]},
					{"origin": [9, 37, -6], "size": [5, 5, 5], "uv": [108, 247]},
					{"origin": [-6, 28, -1.5], "size": [12, 8, 6], "uv": [72, 224]},
					{"origin": [2, 35, -1], "size": [5, 5, 4], "uv": [90, 238]},
					{"origin": [2, 40, -1.5], "size": [5, 5, 4], "uv": [90, 238]},
					{"origin": [2, 45, -2], "size": [5, 5, 4], "uv": [90, 238]},
					{"origin": [2.5, 50, -3.5], "size": [4, 6, 4], "uv": [92, 247]},
					{"origin": [2.5, 56, -4.5], "size": [4, 6, 4], "uv": [92, 247]},
					{"origin": [-2.75, 53, -3.5], "size": [4, 7, 4], "uv": [76, 248]},
					{"origin": [-3.25, 36, -1], "size": [5, 5, 4], "uv": [90, 238]},
					{"origin": [-3.25, 47, -2], "size": [5, 6, 4], "uv": [72, 238]},
					{"origin": [-2.75, 60, -5.5], "size": [4, 4, 4], "uv": [76, 259]},
					{"origin": [-3.25, 41, -1.5], "size": [5, 6, 4], "uv": [72, 238]},
					{"origin": [-8, 51, -6.5], "size": [4, 5, 4], "uv": [56, 243]},
					{"origin": [-8, 46, -4.5], "size": [4, 5, 4], "uv": [56, 243]},
					{"origin": [-8.5, 38, -1.5], "size": [5, 4, 4], "uv": [54, 235]},
					{"origin": [-8.5, 34, -1], "size": [5, 4, 4], "uv": [54, 235]},
					{"origin": [-8.5, 42, -2], "size": [5, 4, 4], "uv": [54, 235]},
					{"origin": [-10, 27, -1], "size": [5, 4, 4], "uv": [54, 235]},
					{"origin": [-12.5, 44, -6.5], "size": [4, 4, 4], "uv": [76, 259]},
					{"origin": [-12.25, 39, -4.5], "size": [4, 5, 4], "uv": [56, 243]},
					{"origin": [-12, 35, -2], "size": [5, 4, 4], "uv": [54, 235]},
					{"origin": [-11, 31, -1.5], "size": [5, 4, 4], "uv": [54, 235]}
				]
			}
		]
	}
}