{
	"format_version": "1.8.0",
	"geometry.wood_crab": {
		"texturewidth": 48,
		"textureheight": 32,
		"visible_bounds_width": 1,
		"visible_bounds_height": 1,
		"visible_bounds_offset": [0, 0.5, 0],
		"bones": [
			{
				"name": "body",
				"pivot": [0, 0, 0],
				"cubes": [
					{"origin": [-4, 1, -3], "size": [8, 2, 6], "uv": [0, 0]},
					{"origin": [-3, 3, -2], "size": [6, 1, 4], "uv": [0, 8]},
					{"origin": [-2, 2, -3], "size": [1, 2, 1], "uv": [0, 18], "inflate": 0.1},
					{"origin": [1, 2, -3], "size": [1, 2, 1], "uv": [24, 15], "inflate": 0.1}
				]
			},
			{
				"name": "left_leg_1",
				"pivot": [4, 1, -1],
				"rotation": [0, 0, 35],
				"cubes": [
					{"origin": [3, 1, -1.5], "size": [3, 1, 1], "uv": [8, 15]}
				]
			},
			{
				"name": "left_leg_2",
				"pivot": [4, 1, 0.5],
				"rotation": [0, 0, 35],
				"cubes": [
					{"origin": [3, 1, 0], "size": [3, 1, 1], "uv": [16, 15]}
				]
			},
			{
				"name": "left_leg_3",
				"pivot": [4, 1, 2],
				"rotation": [0, 0, 35],
				"cubes": [
					{"origin": [3, 1, 1.5], "size": [3, 1, 1], "uv": [10, 13]}
				]
			},
			{
				"name": "right_leg_1",
				"pivot": [-4, 1, -1],
				"rotation": [0, 0, -35],
				"cubes": [
					{"origin": [-6, 1, -1.5], "size": [3, 1, 1], "uv": [18, 13]}
				]
			},
			{
				"name": "right_leg_2",
				"pivot": [-4, 1, 0.5],
				"rotation": [0, 0, -35],
				"cubes": [
					{"origin": [-6, 1, 0], "size": [3, 1, 1], "uv": [26, 13]}
				]
			},
			{
				"name": "right_leg_3",
				"pivot": [-4, 1, 2],
				"rotation": [0, 0, -35],
				"cubes": [
					{"origin": [-6, 1, 1.5], "size": [3, 1, 1], "uv": [0, 15]}
				]
			},
			{
				"name": "left_claw",
				"pivot": [4, 1, -2.5],
				"rotation": [0, 60, 35],
				"cubes": [
					{"origin": [3, 1, -3], "size": [4, 1, 1], "uv": [0, 13]},
					{"origin": [5, 1, -4], "size": [1, 1, 1], "uv": [4, 18]}
				]
			},
			{
				"name": "right_claw",
				"pivot": [-4, 1, -2.5],
				"rotation": [0, -60, -35],
				"cubes": [
					{"origin": [-7, 1, -3], "size": [4, 1, 1], "uv": [20, 8]},
					{"origin": [-6, 1, -4], "size": [1, 1, 1], "uv": [8, 18]}
				]
			}
		]
	}
}