{
	"format_version": "1.8.0",
	"geometry.tempest_wand": {
		"texturewidth": 128,
		"textureheight": 64,
		"visible_bounds_width": 2,
		"visible_bounds_height": 3,
		"visible_bounds_offset": [0, 1.5, 0],
		"bones": [
			{
				"name": "tempest_wand",
				"pivot": [0, 12, 0],
				"cubes": [
					{"origin": [-3, 0, -3], "size": [6, 6, 6], "uv": [0, 0]},
					{"origin": [-5, 6, -5], "size": [10, 6, 10], "uv": [0, 0]},
					{"origin": [-7, 12, -7], "size": [14, 6, 14], "uv": [0, 0]},
					{"origin": [-9, 18, -9], "size": [18, 6, 18], "uv": [0, 0]},
					{"origin": [-11, 24, -11], "size": [22, 6, 22], "uv": [0, 0]},
					{"origin": [-15, 36, -15], "size": [30, 6, 30], "uv": [0, 0]},
					{"origin": [-13, 30, -13], "size": [26, 6, 26], "uv": [0, 0]}
				]
			}
		]
	}
}