{
  "format_version": "1.8.0",
  "minecraft:entity": {
	"description": {
      "identifier": "raigen:shadow_maiden",
      "is_spawnable": true,
      "is_summonable": true,
      "is_experimental": false
    },
	
    "components": {
      "minecraft:fire_immune": false,
      "minecraft:burns_in_daylight": true,
      "minecraft:type_family": {
        "family": [ "inanimate", "monster" ]
      },
      "minecraft:nameable": {
      },
      "minecraft:collision_box": {
        "width": 0.6,
        "height": 2.3
      },
      "minecraft:health": {
        "value": 40
      },
      "minecraft:movement": {
        "value": 0.21
      },
	  "minecraft:behavior.float": {
	    "priority": 0
	  },
      "minecraft:navigation.walk": {
        "can_float": false,
        "avoid_water": true,
        "is_amphibious": true,
        "avoid_damage_blocks": true
      },
      "minecraft:movement.basic": {},
      "minecraft:jump.static": {},
      "minecraft:attack": {
        "damage": 3,
		"effect_name": "blindness",
		"effect_duration": 10
	  },
      "minecraft:balloonable": {
      },
      "minecraft:behavior.melee_attack": {
        "priority": 1,
        "target_dist": 1.0,
        "track_target": true
      },
      "minecraft:behavior.move_towards_target": {
        "priority": 2,
        "speed_multiplier": 0.9,
        "within_radius": 32
      },
      "minecraft:behavior.move_towards_restriction": {
        "priority": 4,
        "speed_multiplier": 1
      },
      "minecraft:behavior.random_stroll": {
        "priority": 6,
        "speed_multiplier": 1,
        "xz_dist": 16
      },
      "minecraft:behavior.look_at_player": {
        "priority": 1,
        "look_distance": 6.0,
        "probability": 0.02
      },
      "minecraft:behavior.random_look_around": {
        "priority": 8
      },
      "minecraft:behavior.hurt_by_target": {
        "priority": 1
      },
      "minecraft:behavior.nearest_attackable_target": {
        "priority": 1,
        "entity_types": {
          "filters": { "test" :  "is_family", "subject" : "other", "value" :  "player"},
          "max_dist": 16
        },
        "must_see": true
      },
      "minecraft:physics": {
      }
    },

    "events": {}
  }
}