{
	"format_version": "1.8.0",
	"geometry.cruel_slime": {
		"texturewidth": 64,
		"textureheight": 32,
		"visible_bounds_width": 2,
		"visible_bounds_height": 1,
		"visible_bounds_offset": [0, 0.5, 0],
		"bones": [
			{
				"name": "slime",
				"pivot": [0, 0, 0],
				"cubes": [
					{"origin": [-7, 0, -7], "size": [14, 14, 14], "uv": [0, 4]}
				]
			},
			{
				"name": "spike_1",
				"parent": "slime",
				"pivot": [0, 13, -6],
				"rotation": [-45, 0, 0],
				"cubes": [
					{"origin": [1, 12, -11], "size": [2, 2, 5], "uv": [0, 0]},
					{"origin": [-6, 12, -11], "size": [2, 2, 5], "uv": [0, 0]},
					{"origin": [-3, 12, -11], "size": [2, 2, 5], "uv": [0, 0]},
					{"origin": [4, 12, -11], "size": [2, 2, 5], "uv": [0, 0]},
					{"origin": [-6, 9, -8], "size": [2, 2, 5], "uv": [0, 0]},
					{"origin": [4, 9, -8], "size": [2, 2, 5], "uv": [0, 0]},
					{"origin": [-6, 6, -5], "size": [2, 2, 5], "uv": [0, 0]},
					{"origin": [4, 6, -5], "size": [2, 2, 5], "uv": [0, 0]}
				]
			},
			{
				"name": "spike_2",
				"parent": "slime",
				"pivot": [0, 13, 6],
				"rotation": [45, 0, 0],
				"cubes": [
					{"origin": [1, 12, 6], "size": [2, 2, 5], "uv": [0, 0]},
					{"origin": [-6, 12, 6], "size": [2, 2, 5], "uv": [0, 0]},
					{"origin": [-3, 12, 6], "size": [2, 2, 5], "uv": [0, 0]},
					{"origin": [4, 12, 6], "size": [2, 2, 5], "uv": [0, 0]},
					{"origin": [4, 9, 3], "size": [2, 2, 5], "uv": [0, 0]},
					{"origin": [-6, 9, 3], "size": [2, 2, 5], "uv": [0, 0]},
					{"origin": [4, 6, 0], "size": [2, 2, 5], "uv": [0, 0]},
					{"origin": [-6, 6, 0], "size": [2, 2, 5], "uv": [0, 0]}
				]
			},
			{
				"name": "spike_3",
				"parent": "slime",
				"pivot": [6, 13, 0],
				"rotation": [0, 0, -45],
				"cubes": [
					{"origin": [6, 12, -3], "size": [5, 2, 2], "uv": [0, 0]},
					{"origin": [6, 12, 4], "size": [5, 2, 2], "uv": [0, 0]},
					{"origin": [6, 12, 1], "size": [5, 2, 2], "uv": [0, 0]},
					{"origin": [6, 12, -6], "size": [5, 2, 2], "uv": [0, 0]},
					{"origin": [3, 9, -6], "size": [5, 2, 2], "uv": [0, 0]},
					{"origin": [3, 9, 4], "size": [5, 2, 2], "uv": [0, 0]},
					{"origin": [0, 6, -6], "size": [5, 2, 2], "uv": [0, 0]},
					{"origin": [0, 6, 4], "size": [5, 2, 2], "uv": [0, 0]}
				]
			},
			{
				"name": "spike_4",
				"parent": "slime",
				"pivot": [-6, 13, 0],
				"rotation": [0, 0, 45],
				"cubes": [
					{"origin": [-11, 12, -3], "size": [5, 2, 2], "uv": [0, 0]},
					{"origin": [-11, 12, 4], "size": [5, 2, 2], "uv": [0, 0]},
					{"origin": [-11, 12, 1], "size": [5, 2, 2], "uv": [0, 0]},
					{"origin": [-11, 12, -6], "size": [5, 2, 2], "uv": [0, 0]},
					{"origin": [-8, 9, -6], "size": [5, 2, 2], "uv": [0, 0]},
					{"origin": [-8, 9, 4], "size": [5, 2, 2], "uv": [0, 0]},
					{"origin": [-5, 6, -6], "size": [5, 2, 2], "uv": [0, 0]},
					{"origin": [-5, 6, 4], "size": [5, 2, 2], "uv": [0, 0]}
				]
			}
		]
	}
}