{
	"format_version": "1.8.0",
	"geometry.dreadman": {
		"texturewidth": 64,
		"textureheight": 32,
		"visible_bounds_width": 1,
		"visible_bounds_height": 2,
		"visible_bounds_offset": [0, 1, 0],
		"bones": [
			{
				"name": "head",
				"pivot": [0, 24, 0],
				"cubes": [
					{"origin": [-4, 24, -4], "size": [8, 8, 8], "uv": [0, 0]},
					{"origin": [-4, 24, -4], "size": [8, 8, 8], "uv": [32, 0], "inflate": 0.25}
				]
			},
			{
				"name": "right_leg",
				"pivot": [-2, 12, 0],
				"cubes": [
					{"origin": [-4, 0, -2], "size": [4, 12, 4], "uv": [0, 16]}
				]
			},
			{
				"name": "left_leg",
				"pivot": [2, 12, 0],
				"mirror": true,
				"cubes": [
					{"origin": [0, 0, -2], "size": [4, 12, 4], "uv": [0, 16]}
				]
			},
			{
				"name": "right_arm",
				"pivot": [-4, 22, 0],
				"rotation": [25, 0, 0],
				"cubes": [
					{"origin": [-8, 12, -2], "size": [4, 12, 4], "uv": [40, 16]}
				]
			},
			{
				"name": "right_dagger",
				"parent": "right_arm",
				"pivot": [-6, 14, 0],
				"rotation": [45, 0, 0],
				"cubes": [
					{"origin": [-6, 13, -1], "size": [1, 1, 1], "uv": [0, 0]},
					{"origin": [-6, 12, 0], "size": [1, 1, 1], "uv": [0, 0]},
					{"origin": [-6, 13, 1], "size": [1, 1, 1], "uv": [0, 0]},
					{"origin": [-6, 14, 0], "size": [1, 1, 1], "uv": [0, 0]},
					{"origin": [-6, 15, -1], "size": [1, 1, 1], "uv": [0, 0]},
					{"origin": [-6, 14, -2], "size": [1, 1, 1], "uv": [0, 0]},
					{"origin": [-6, 15, -3], "size": [1, 1, 1], "uv": [0, 0]},
					{"origin": [-6, 14, -4], "size": [1, 1, 1], "uv": [0, 0]},
					{"origin": [-6, 16, -2], "size": [1, 1, 1], "uv": [0, 0]},
					{"origin": [-6, 17, -1], "size": [1, 1, 1], "uv": [0, 0]},
					{"origin": [-6, 17, 0], "size": [1, 1, 1], "uv": [0, 0]},
					{"origin": [-6, 14, -5], "size": [1, 1, 1], "uv": [0, 0]},
					{"origin": [-6, 13, 0], "size": [1, 1, 1], "uv": [4, 4]},
					{"origin": [-6, 14, -1], "size": [1, 1, 1], "uv": [4, 6]},
					{"origin": [-6, 15, -2], "size": [1, 1, 1], "uv": [0, 6]},
					{"origin": [-6, 16, -3], "size": [1, 1, 1], "uv": [0, 4]},
					{"origin": [-6, 17, -4], "size": [1, 1, 1], "uv": [0, 4]},
					{"origin": [-6, 18, -5], "size": [1, 1, 1], "uv": [0, 4]},
					{"origin": [-6, 19, -6], "size": [1, 1, 1], "uv": [0, 4]},
					{"origin": [-6, 20, -7], "size": [1, 1, 1], "uv": [0, 4]},
					{"origin": [-6, 21, -8], "size": [1, 1, 1], "uv": [0, 4]},
					{"origin": [-6, 16, -4], "size": [1, 1, 1], "uv": [0, 2]},
					{"origin": [-6, 17, -5], "size": [1, 1, 1], "uv": [0, 2]},
					{"origin": [-6, 18, -6], "size": [1, 1, 1], "uv": [0, 2]},
					{"origin": [-6, 19, -7], "size": [1, 1, 1], "uv": [0, 2]},
					{"origin": [-6, 20, -8], "size": [1, 1, 1], "uv": [0, 2]},
					{"origin": [-6, 21, -9], "size": [1, 1, 1], "uv": [0, 2]},
					{"origin": [-6, 22, -8], "size": [1, 1, 1], "uv": [0, 0]},
					{"origin": [-6, 21, -7], "size": [1, 1, 1], "uv": [0, 0]},
					{"origin": [-6, 20, -6], "size": [1, 1, 1], "uv": [0, 0]},
					{"origin": [-6, 19, -5], "size": [1, 1, 1], "uv": [0, 0]},
					{"origin": [-6, 18, -4], "size": [1, 1, 1], "uv": [0, 0]},
					{"origin": [-6, 17, -3], "size": [1, 1, 1], "uv": [0, 0]},
					{"origin": [-6, 12, 2], "size": [1, 1, 1], "uv": [0, 0]},
					{"origin": [-6, 12, 1], "size": [1, 1, 1], "uv": [4, 6]},
					{"origin": [-6, 11, 1], "size": [1, 1, 1], "uv": [0, 0]},
					{"origin": [-6, 22, -9], "size": [1, 1, 1], "uv": [0, 4]},
					{"origin": [-6, 22, -10], "size": [1, 1, 1], "uv": [0, 2]}
				]
			},
			{
				"name": "left_arm",
				"pivot": [4, 22, 0],
				"rotation": [25, 0, 0],
				"mirror": true,
				"cubes": [
					{"origin": [4, 12, -2], "size": [4, 12, 4], "uv": [40, 16]}
				]
			},
			{
				"name": "left_dagger",
				"parent": "left_arm",
				"pivot": [6, 14, 0],
				"rotation": [45, 0, 0],
				"cubes": [
					{"origin": [5, 13, -1], "size": [1, 1, 1], "uv": [0, 0]},
					{"origin": [5, 12, 0], "size": [1, 1, 1], "uv": [0, 0]},
					{"origin": [5, 13, 1], "size": [1, 1, 1], "uv": [0, 0]},
					{"origin": [5, 14, 0], "size": [1, 1, 1], "uv": [0, 0]},
					{"origin": [5, 15, -1], "size": [1, 1, 1], "uv": [0, 0]},
					{"origin": [5, 14, -2], "size": [1, 1, 1], "uv": [0, 0]},
					{"origin": [5, 15, -3], "size": [1, 1, 1], "uv": [0, 0]},
					{"origin": [5, 14, -4], "size": [1, 1, 1], "uv": [0, 0]},
					{"origin": [5, 16, -2], "size": [1, 1, 1], "uv": [0, 0]},
					{"origin": [5, 17, -1], "size": [1, 1, 1], "uv": [0, 0]},
					{"origin": [5, 17, 0], "size": [1, 1, 1], "uv": [0, 0]},
					{"origin": [5, 14, -5], "size": [1, 1, 1], "uv": [0, 0]},
					{"origin": [5, 13, 0], "size": [1, 1, 1], "uv": [4, 4]},
					{"origin": [5, 14, -1], "size": [1, 1, 1], "uv": [4, 6]},
					{"origin": [5, 15, -2], "size": [1, 1, 1], "uv": [0, 6]},
					{"origin": [5, 16, -3], "size": [1, 1, 1], "uv": [0, 4]},
					{"origin": [5, 17, -4], "size": [1, 1, 1], "uv": [0, 4]},
					{"origin": [5, 18, -5], "size": [1, 1, 1], "uv": [0, 4]},
					{"origin": [5, 19, -6], "size": [1, 1, 1], "uv": [0, 4]},
					{"origin": [5, 20, -7], "size": [1, 1, 1], "uv": [0, 4]},
					{"origin": [5, 21, -8], "size": [1, 1, 1], "uv": [0, 4]},
					{"origin": [5, 16, -4], "size": [1, 1, 1], "uv": [0, 2]},
					{"origin": [5, 17, -5], "size": [1, 1, 1], "uv": [0, 2]},
					{"origin": [5, 18, -6], "size": [1, 1, 1], "uv": [0, 2]},
					{"origin": [5, 19, -7], "size": [1, 1, 1], "uv": [0, 2]},
					{"origin": [5, 20, -8], "size": [1, 1, 1], "uv": [0, 2]},
					{"origin": [5, 21, -9], "size": [1, 1, 1], "uv": [0, 2]},
					{"origin": [5, 22, -8], "size": [1, 1, 1], "uv": [0, 0]},
					{"origin": [5, 21, -7], "size": [1, 1, 1], "uv": [0, 0]},
					{"origin": [5, 20, -6], "size": [1, 1, 1], "uv": [0, 0]},
					{"origin": [5, 19, -5], "size": [1, 1, 1], "uv": [0, 0]},
					{"origin": [5, 18, -4], "size": [1, 1, 1], "uv": [0, 0]},
					{"origin": [5, 17, -3], "size": [1, 1, 1], "uv": [0, 0]},
					{"origin": [5, 12, 2], "size": [1, 1, 1], "uv": [0, 0]},
					{"origin": [5, 12, 1], "size": [1, 1, 1], "uv": [4, 6]},
					{"origin": [5, 11, 1], "size": [1, 1, 1], "uv": [0, 0]},
					{"origin": [5, 22, -9], "size": [1, 1, 1], "uv": [0, 4]},
					{"origin": [5, 22, -10], "size": [1, 1, 1], "uv": [0, 2]}
				]
			},
			{
				"name": "body",
				"pivot": [0, 24, 0],
				"cubes": [
					{"origin": [-4, 12, -2], "size": [8, 12, 4], "uv": [16, 16]}
				]
			}
		]
	}
}