{
	"format_version": "1.8.0",
	"geometry.graveraiser": {
		"texturewidth": 64,
		"textureheight": 64,
		"visible_bounds_width": 2,
		"visible_bounds_height": 2,
		"visible_bounds_offset": [0, 1, 0],
		"bones": [
			{
				"name": "head",
				"pivot": [0, 24, 0],
				"cubes": [
					{"origin": [-4, 24, -4], "size": [8, 8, 8], "uv": [0, 0]},
					{"origin": [-4, 24, -4], "size": [8, 8, 8], "uv": [32, 0], "inflate": 0.25}
				]
			},
			{
				"name": "left_arm",
				"parent": "head",
				"pivot": [4, 22, 0],
				"rotation": [-100, -20, 0],
				"mirror": true,
				"cubes": [
					{"origin": [4, 18, -1], "size": [2, 6, 2], "uv": [40, 16]},
					{"origin": [3, 12, -2], "size": [4, 12, 4], "uv": [40, 48], "inflate": 0.25}
				]
			},
			{
				"name": "vbindjv",
				"parent": "left_arm",
				"pivot": [5, 18, -1],
				"rotation": [-120, 0, 0],
				"cubes": [
					{"origin": [4, 12, -1], "size": [2, 6, 2], "uv": [40, 22], "mirror": true}
				]
			},
			{
				"name": "right_arm",
				"parent": "head",
				"pivot": [-4, 22, 0],
				"rotation": [-100, 20, 0],
				"cubes": [
					{"origin": [-6, 18, -1], "size": [2, 6, 2], "uv": [40, 16]},
					{"origin": [-7, 12, -2], "size": [4, 12, 4], "uv": [40, 48], "inflate": 0.25}
				]
			},
			{
				"name": "rshtbbth",
				"parent": "right_arm",
				"pivot": [-5, 18, -1],
				"rotation": [-120, 0, 0],
				"cubes": [
					{"origin": [-6, 12, -1], "size": [2, 6, 2], "uv": [40, 22]}
				]
			},
			{
				"name": "right_leg",
				"pivot": [-2, 12, 0],
				"cubes": [
					{"origin": [-3, 0, -1], "size": [2, 12, 2], "uv": [0, 16]},
					{"origin": [-4, 0, -2], "size": [4, 12, 4], "uv": [0, 48]}
				]
			},
			{
				"name": "left_leg",
				"pivot": [2, 12, 0],
				"mirror": true,
				"cubes": [
					{"origin": [1, 0, -1], "size": [2, 12, 2], "uv": [0, 16]},
					{"origin": [0, 0, -2], "size": [4, 12, 4], "uv": [0, 48]}
				]
			},
			{
				"name": "body",
				"pivot": [0, 24, 0],
				"cubes": [
					{"origin": [-4, 12, -2], "size": [8, 12, 4], "uv": [16, 16]},
					{"origin": [-4, 12, -2], "size": [8, 12, 4], "uv": [16, 48], "inflate": 0.25}
				]
			}
		]
	}
}