{
  "format_version": "1.8.0",
  "minecraft:entity": {
    "description": {
      "identifier": "raigen:gravitite_projectile",
      "is_spawnable": false,
      "is_summonable": true,
      "is_experimental": false
    },

    "components": {
      "minecraft:collision_box": {
        "width": 0.2,
        "height": 0.2
      },
      "minecraft:projectile": {
        "onHit": {
          "impact_damage": {
            "damage": 0,
            "knockback": false
          },
          "mob_effect": {
            "effect": "levitation",
            "durationeasy": 10,
            "durationnormal": 10,
            "durationhard": 10,
            "amplifier": 15
          },
          "remove_on_hit": {
          },
          "particle_on_hit": {
            "particle_type": "evaporation",
            "on_other_hit": true
          }
        },
        "hitSound": "bullet.hit",
        "destroyOnHurt": true,
        "critParticleOnHurt": true,
        "power": 1.9,
        "gravity": 0.00,
        "uncertaintyBase": 16,
        "uncertaintyMultiplier": 4,
        "offset": [ 0, 0, 0 ]
      },
      "minecraft:physics": {
	  }
    }
  }
}
