{
	"format_version": "1.8.0",
	"geometry.flare_projectile": {
		"texturewidth": 64,
		"textureheight": 64,
		"visible_bounds_width": 1,
		"visible_bounds_height": 1,
		"visible_bounds_offset": [0, 0.5, 0],
		"bones": [
			{
				"name": "projectile",
				"pivot": [0, 0, 0],
				"cubes": [
					{"origin": [-8, 0, 0], "size": [16, 16, 0], "uv": [32, 16]},
					{"origin": [0, 0, -8], "size": [0, 16, 16], "uv": [31, 0]},
					{"origin": [-8, 8, -8], "size": [16, 0, 16], "uv": [0, 0]}
				]
			}
		]
	}
}