{
	"format_version": "1.8.0",
	"geometry.grass_chomper": {
		"texturewidth": 112,
		"textureheight": 112,
		"visible_bounds_width": 1,
		"visible_bounds_height": 2,
		"visible_bounds_offset": [0, 1, 0],
		"bones": [
			{
				"name": "body",
				"pivot": [0, 0, 0],
				"cubes": [
					{"origin": [-8, 8, -8], "size": [16, 8, 16], "uv": [0, 0]},
					{"origin": [-8, 0, 0], "size": [16, 8, 8], "uv": [64, 0]}
				]
			},
			{
				"name": "jaw",
				"parent": "body",
				"pivot": [0, 8, 0],
				"cubes": [
					{"origin": [-8, 0, -8], "size": [16, 8, 8], "uv": [0, 24]}
				]
			},
			{
				"name": "flower",
				"pivot": [0, 0, 0],
				"rotation": [0, -45, 0],
				"cubes": [
					{"origin": [0, 16, -8], "size": [0, 16, 16], "uv": [48, 24]},
					{"origin": [-8, 16, 0], "size": [16, 16, 0], "uv": [0, 56]}
				]
			}
		]
	}
}