{
	"format_version": "1.8.0",
	"geometry.iriditite": {
		"texturewidth": 48,
		"textureheight": 48,
		"visible_bounds_width": 1,
		"visible_bounds_height": 1,
		"visible_bounds_offset": [0, 0.5, 0],
		"bones": [
			{
				"name": "head",
				"pivot": [0, 5, 0],
				"cubes": [
					{"origin": [-1, 4, -4.5], "size": [2, 2, 2], "uv": [0, 28]}
				]
			},
			{
				"name": "body",
				"pivot": [0, 0, 0],
				"cubes": [
					{"origin": [-3, 2, -3], "size": [6, 6, 6], "uv": [0, 0]},
					{"origin": [-2, 3, -3.5], "size": [4, 4, 1], "uv": [10, 20]},
					{"origin": [-2, 3, 2.5], "size": [4, 4, 1], "uv": [20, 20]},
					{"origin": [2.5, 3, -2], "size": [1, 4, 4], "uv": [32, 12]},
					{"origin": [-3.5, 3, -2], "size": [1, 4, 4], "uv": [0, 20]},
					{"origin": [-2, 7.5, -2], "size": [4, 1, 4], "uv": [0, 12]},
					{"origin": [-2, 1.5, -2], "size": [4, 1, 4], "uv": [16, 12]},
					{"origin": [-2.5, -4, -2.5], "size": [5, 6, 5], "uv": [24, 0]}
				]
			}
		]
	}
}