{
	"format_version": "1.8.0",
	"geometry.maximum_dragon": {
		"texturewidth": 208,
		"textureheight": 208,
		"visible_bounds_width": 5,
		"visible_bounds_height": 4,
		"visible_bounds_offset": [0, 2, 0],
		"bones": [
			{
				"name": "dragon",
				"pivot": [0, 36, 0],
				"cubes": [
					{"origin": [0, 36, 0], "size": [1, 1, 1], "uv": [0, 0]}
				]
			},
			{
				"name": "eqgervrv",
				"parent": "dragon",
				"pivot": [0, 68, 2],
				"cubes": [
					{"origin": [-4, 62, -2], "size": [8, 12, 4], "uv": [24, 140]},
					{"origin": [-6, 62, -1], "size": [12, 18, 10], "uv": [140, 0]}
				]
			},
			{
				"name": "rbsg",
				"parent": "eqgervrv",
				"pivot": [0, 80, 8],
				"rotation": [25, 0, 0],
				"cubes": [
					{"origin": [-4, 80, 0], "size": [8, 8, 8], "uv": [0, 76]}
				]
			},
			{
				"name": "sgrbb",
				"parent": "rbsg",
				"pivot": [0, 88, 0],
				"rotation": [25, 0, 0],
				"cubes": [
					{"origin": [-4, 88, 0], "size": [8, 8, 8], "uv": [32, 76]}
				]
			},
			{
				"name": "sbrbt",
				"parent": "sgrbb",
				"pivot": [0, 96, 0],
				"rotation": [25, 0, 0],
				"cubes": [
					{"origin": [-4, 96, 0], "size": [8, 8, 8], "uv": [64, 76]}
				]
			},
			{
				"name": "qegrbv",
				"parent": "sbrbt",
				"pivot": [0, 100, 0],
				"rotation": [15, 16, -45],
				"cubes": [
					{"origin": [0, 100, 0], "size": [8, 8, 8], "uv": [96, 76]},
					{"origin": [5, 105, -1], "size": [6, 6, 7], "uv": [48, 140]},
					{"origin": [8, 108, -2], "size": [4, 4, 5], "uv": [80, 172]},
					{"origin": [7, 93, 7], "size": [2, 10, 2], "uv": [98, 172]},
					{"origin": [-4, 108, 6], "size": [10, 2, 2], "uv": [64, 156]},
					{"origin": [8, 96, 6], "size": [2, 10, 2], "uv": [106, 172]},
					{"origin": [-7, 107, 7], "size": [10, 2, 2], "uv": [56, 172]},
					{"origin": [-9, 105, 8], "size": [10, 2, 2], "uv": [56, 172]},
					{"origin": [5, 91, 8], "size": [2, 10, 2], "uv": [98, 172]}
				]
			},
			{
				"name": "qervrv",
				"parent": "eqgervrv",
				"pivot": [0, 62, 2],
				"rotation": [20, 0, 0],
				"cubes": [
					{"origin": [-4, 54, 2], "size": [8, 8, 8], "uv": [24, 92]}
				]
			},
			{
				"name": "fasvfv",
				"parent": "qervrv",
				"pivot": [0, 54, 3],
				"rotation": [20, 0, 0],
				"cubes": [
					{"origin": [-3, 46, 3], "size": [6, 8, 6], "uv": [74, 140]}
				]
			},
			{
				"name": "dbfasvfa",
				"parent": "fasvfv",
				"pivot": [0, 46, 4],
				"rotation": [20, 0, 0],
				"cubes": [
					{"origin": [-2, 38, 4], "size": [4, 8, 4], "uv": [40, 172]}
				]
			},
			{
				"name": "sfbbb",
				"parent": "dbfasvfa",
				"pivot": [0, 38, 5],
				"rotation": [20, 0, 0],
				"cubes": [
					{"origin": [-1, 34, 5], "size": [2, 4, 2], "uv": [114, 172]}
				]
			},
			{
				"name": "dragon_left_arm",
				"parent": "dragon",
				"pivot": [4, 72, 0],
				"rotation": [0, 0, 45],
				"mirror": true,
				"cubes": [
					{"origin": [4, 70, -2], "size": [6, 4, 4], "uv": [88, 156]}
				]
			},
			{
				"name": "aefvv",
				"parent": "dragon_left_arm",
				"pivot": [10, 70, 0],
				"rotation": [0, 0, -40],
				"mirror": true,
				"cubes": [
					{"origin": [10, 70, -2], "size": [6, 4, 4], "uv": [20, 172]},
					{"origin": [16, 71, -1], "size": [20, 2, 2], "uv": [0, 120]},
					{"origin": [7, 73, 0], "size": [29, 12, 0], "uv": [0, 56]},
					{"origin": [1, 59, 0], "size": [35, 15, 0], "uv": [0, 0]}
				]
			},
			{
				"name": "efvafverg",
				"parent": "aefvv",
				"pivot": [36, 73, 0],
				"rotation": [0, 0, 50],
				"mirror": true,
				"cubes": [
					{"origin": [36, 71, -1], "size": [20, 2, 2], "uv": [0, 116]},
					{"origin": [36, 51, 0], "size": [20, 20, 0], "uv": [156, 56]}
				]
			},
			{
				"name": "dragon_right_arm",
				"parent": "dragon",
				"pivot": [-4, 72, 0],
				"rotation": [0, 0, -45],
				"cubes": [
					{"origin": [-10, 70, -2], "size": [6, 4, 4], "uv": [88, 156]}
				]
			},
			{
				"name": "gbdbbfh",
				"parent": "dragon_right_arm",
				"pivot": [-10, 70, 0],
				"rotation": [0, 0, 40],
				"cubes": [
					{"origin": [-16, 70, -2], "size": [6, 4, 4], "uv": [20, 172]},
					{"origin": [-36, 71, -1], "size": [20, 2, 2], "uv": [0, 120]},
					{"origin": [-36, 73, 0], "size": [29, 12, 0], "uv": [0, 56]},
					{"origin": [-36, 59, 0], "size": [35, 15, 0], "uv": [0, 0]}
				]
			},
			{
				"name": "wrgtgr",
				"parent": "gbdbbfh",
				"pivot": [-36, 73, 0],
				"rotation": [0, 0, -50],
				"cubes": [
					{"origin": [-56, 71, -1], "size": [20, 2, 2], "uv": [0, 116]},
					{"origin": [-56, 51, 0], "size": [20, 20, 0], "uv": [156, 56]}
				]
			},
			{
				"name": "dragon_left_leg",
				"parent": "dragon",
				"pivot": [2, 62, -2],
				"rotation": [20, 0, -10],
				"mirror": true,
				"cubes": [
					{"origin": [0, 50, -2], "size": [4, 12, 4], "uv": [32, 156]},
					{"origin": [1, 44, 0], "size": [6, 18, 6], "uv": [44, 116]},
					{"origin": [1, 40, -2], "size": [6, 4, 8], "uv": [68, 128]},
					{"origin": [5.1, 40, -4], "size": [2, 2, 2], "uv": [24, 184]},
					{"origin": [3, 40, -4], "size": [2, 2, 2], "uv": [8, 184]},
					{"origin": [0.9, 40, -4], "size": [2, 2, 2], "uv": [16, 184]}
				]
			},
			{
				"name": "dragon_right_leg",
				"parent": "dragon",
				"pivot": [-2, 62, -2],
				"rotation": [20, 0, 10],
				"cubes": [
					{"origin": [-4, 50, -2], "size": [4, 12, 4], "uv": [32, 156]},
					{"origin": [-7, 44, 0], "size": [6, 18, 6], "uv": [44, 116]},
					{"origin": [-7, 40, -2], "size": [6, 4, 8], "uv": [68, 128]},
					{"origin": [-2.9, 40, -4], "size": [2, 2, 2], "uv": [114, 178]},
					{"origin": [-7.1, 40, -4], "size": [2, 2, 2], "uv": [122, 172]},
					{"origin": [-5, 40, -4], "size": [2, 2, 2], "uv": [0, 184]}
				]
			},
			{
				"name": "avdvdv",
				"parent": "dragon",
				"pivot": [-4, 72, 0],
				"rotation": [0, 25, 15],
				"cubes": [
					{"origin": [-10, 70, -2], "size": [6, 4, 4], "uv": [88, 156]}
				]
			},
			{
				"name": "adbb",
				"parent": "avdvdv",
				"pivot": [-10, 70, 0],
				"rotation": [0, 0, 40],
				"cubes": [
					{"origin": [-16, 70, -2], "size": [6, 4, 4], "uv": [20, 172]},
					{"origin": [-36, 71, -1], "size": [20, 2, 2], "uv": [0, 120]},
					{"origin": [-36, 73, 0], "size": [29, 12, 0], "uv": [0, 56]},
					{"origin": [-36, 59, 0], "size": [35, 15, 0], "uv": [0, 0]}
				]
			},
			{
				"name": "dgnh",
				"parent": "adbb",
				"pivot": [-36, 73, 0],
				"rotation": [0, 0, -50],
				"cubes": [
					{"origin": [-56, 71, -1], "size": [20, 2, 2], "uv": [0, 116]},
					{"origin": [-56, 51, 0], "size": [20, 20, 0], "uv": [156, 56]}
				]
			},
			{
				"name": "esggr",
				"parent": "dragon",
				"pivot": [4, 72, 0],
				"rotation": [0, -25, -15],
				"mirror": true,
				"cubes": [
					{"origin": [4, 70, -2], "size": [6, 4, 4], "uv": [88, 156]}
				]
			},
			{
				"name": "gwerg",
				"parent": "esggr",
				"pivot": [10, 70, 0],
				"rotation": [0, 0, -40],
				"mirror": true,
				"cubes": [
					{"origin": [10, 70, -2], "size": [6, 4, 4], "uv": [20, 172]},
					{"origin": [16, 71, -1], "size": [20, 2, 2], "uv": [0, 120]},
					{"origin": [7, 73, 0], "size": [29, 12, 0], "uv": [0, 56]},
					{"origin": [1, 59, 0], "size": [35, 15, 0], "uv": [0, 0]}
				]
			},
			{
				"name": "sbfvsgsg",
				"parent": "gwerg",
				"pivot": [36, 73, 0],
				"rotation": [0, 0, 50],
				"mirror": true,
				"cubes": [
					{"origin": [36, 71, -1], "size": [20, 2, 2], "uv": [0, 116]},
					{"origin": [36, 51, 0], "size": [20, 20, 0], "uv": [156, 56]}
				]
			}
		]
	}
}