{
	"format_version": "1.8.0",
	"geometry.stone_ram": {
		"texturewidth": 96,
		"textureheight": 96,
		"visible_bounds_width": 3,
		"visible_bounds_height": 3,
		"visible_bounds_offset": [0, 1.5, 0],
		"bones": [
			{
				"name": "body",
				"pivot": [0, 0, 0],
				"cubes": [
					{"origin": [-4, 10, -9], "size": [8, 10, 18], "uv": [0, 0]},
					{"origin": [-4, 15, -25.5], "size": [2, 8, 2], "uv": [24, 68]},
					{"origin": [-3, 17, -26], "size": [2, 8, 2], "uv": [32, 68]},
					{"origin": [-2, 15, -19], "size": [4, 6, 10], "uv": [52, 0]},
					{"origin": [1, 17, -26], "size": [2, 8, 2], "uv": [40, 68]},
					{"origin": [2, 15, -25.5], "size": [2, 8, 2], "uv": [34, 56]},
					{"origin": [-1, 17, 8], "size": [2, 4, 2], "uv": [32, 78]},
					{"origin": [-2, 8, -24], "size": [4, 5, 5], "uv": [0, 56]},
					{"origin": [-3, 13, -25], "size": [6, 8, 6], "uv": [28, 28]}
				]
			},
			{
				"name": "neck",
				"parent": "body",
				"pivot": [0, 17, -9],
				"rotation": [-60, 0, 0],
				"cubes": [
					{"origin": [-2, 17, -19], "size": [4, 6, 10], "uv": [0, 28]}
				]
			},
			{
				"name": "head",
				"parent": "neck",
				"pivot": [0, 19, -19],
				"cubes": [
					{"origin": [-2, 10, -24], "size": [4, 5, 5], "uv": [16, 44]},
					{"origin": [-3, 15, -25], "size": [6, 8, 6], "uv": [52, 28]},
					{"origin": [1, 19, -26], "size": [2, 8, 2], "uv": [42, 56]},
					{"origin": [2, 17, -25.5], "size": [2, 8, 2], "uv": [16, 68]},
					{"origin": [-3, 19, -26], "size": [2, 8, 2], "uv": [0, 68]},
					{"origin": [-4, 17, -25.5], "size": [2, 8, 2], "uv": [8, 68]}
				]
			},
			{
				"name": "left_arm",
				"parent": "body",
				"pivot": [0, 14, -6],
				"cubes": [
					{"origin": [0.5, 6, -8], "size": [4, 8, 4], "uv": [50, 44]},
					{"origin": [1.5, 0, -7], "size": [2, 6, 2], "uv": [0, 78]}
				]
			},
			{
				"name": "right_arm",
				"parent": "body",
				"pivot": [0, 14, -6],
				"cubes": [
					{"origin": [-4.5, 6, -8], "size": [4, 8, 4], "uv": [18, 56]},
					{"origin": [-3.5, 0, -7], "size": [2, 6, 2], "uv": [24, 78]}
				]
			},
			{
				"name": "left_leg",
				"parent": "body",
				"pivot": [0, 14, 6],
				"cubes": [
					{"origin": [1, 6, 4], "size": [4, 8, 4], "uv": [0, 44]},
					{"origin": [2, 0, 5], "size": [2, 6, 2], "uv": [8, 78]}
				]
			},
			{
				"name": "right_leg",
				"parent": "body",
				"pivot": [0, 14, 6],
				"cubes": [
					{"origin": [-5, 6, 4], "size": [4, 8, 4], "uv": [34, 44]},
					{"origin": [-4, 0, 5], "size": [2, 6, 2], "uv": [16, 78]}
				]
			}
		]
	}
}