{
	"format_version": "1.8.0",
	"geometry.stud_bark": {
		"texturewidth": 64,
		"textureheight": 32,
		"visible_bounds_width": 2,
		"visible_bounds_height": 2,
		"visible_bounds_offset": [0, 1, 0],
		"bones": [
			{
				"name": "body",
				"pivot": [0, 0, 0],
				"cubes": [
					{"origin": [-8, 8, -8], "size": [16, 16, 16], "uv": [0, 0]},
					{"origin": [5, 9, -10], "size": [2, 2, 2], "uv": [0, 8]},
					{"origin": [-7, 9, -10], "size": [2, 2, 2], "uv": [8, 12]},
					{"origin": [1, 9, -10], "size": [2, 2, 2], "uv": [8, 8]},
					{"origin": [-3, 9, -10], "size": [2, 2, 2], "uv": [0, 12]},
					{"origin": [1, 21, -10], "size": [2, 2, 2], "uv": [8, 0]},
					{"origin": [5, 21, -10], "size": [2, 2, 2], "uv": [0, 0]},
					{"origin": [-3, 21, -10], "size": [2, 2, 2], "uv": [0, 4]},
					{"origin": [-7, 21, -10], "size": [2, 2, 2], "uv": [8, 4]},
					{"origin": [5, 17, -10], "size": [2, 2, 2], "uv": [0, 4]},
					{"origin": [5, 13, -10], "size": [2, 2, 2], "uv": [0, 8]},
					{"origin": [-7, 17, -10], "size": [2, 2, 2], "uv": [8, 4]},
					{"origin": [-7, 13, -10], "size": [2, 2, 2], "uv": [8, 8]}
				]
			},
			{
				"name": "right_arm",
				"pivot": [0, 8, -4],
				"cubes": [
					{"origin": [-7, 0, -7], "size": [6, 8, 6], "uv": [24, 0]}
				]
			},
			{
				"name": "left_arm",
				"pivot": [0, 8, -4],
				"cubes": [
					{"origin": [1, 0, -7], "size": [6, 8, 6], "uv": [24, 0]}
				]
			},
			{
				"name": "right_leg",
				"pivot": [0, 8, 4],
				"cubes": [
					{"origin": [-7, 0, 1], "size": [6, 8, 6], "uv": [16, 0]}
				]
			},
			{
				"name": "left_leg",
				"pivot": [0, 8, 4],
				"cubes": [
					{"origin": [1, 0, 1], "size": [6, 8, 6], "uv": [16, 0]}
				]
			}
		]
	}
}