{
	"format_version": "1.8.0",
	"geometry.tetrapede": {
		"texturewidth": 64,
		"textureheight": 32,
		"visible_bounds_width": 2,
		"visible_bounds_height": 1,
		"visible_bounds_offset": [0, 0.5, 0],
		"bones": [
			{
				"name": "body",
				"pivot": [0, 0, 0],
				"cubes": [
					{"origin": [-5, 1, -2], "size": [10, 6, 4], "uv": [0, 0]},
					{"origin": [-4, 1, 3], "size": [8, 6, 4], "uv": [0, 10]},
					{"origin": [-4, 1, -7], "size": [8, 6, 4], "uv": [0, 10]},
					{"origin": [-3, 2, -3], "size": [6, 4, 1], "uv": [16, 24]},
					{"origin": [-2, 1, 7], "size": [4, 4, 2], "uv": [32, 23]},
					{"origin": [1, 4, -10], "size": [2, 2, 3], "uv": [45, 10]},
					{"origin": [-3, 4, -10], "size": [2, 2, 3], "uv": [45, 10]},
					{"origin": [1, 3, -12], "size": [1, 1, 1], "uv": [24, 0]},
					{"origin": [-2, 3, -12], "size": [1, 1, 1], "uv": [24, 0]},
					{"origin": [-3, 2, 2], "size": [6, 4, 1], "uv": [16, 24]},
					{"origin": [-2, 1, -11], "size": [4, 4, 4], "uv": [0, 20]},
					{"origin": [-4, 7, -7], "size": [8, 1, 5], "uv": [24, 10]},
					{"origin": [-4, 7, 3], "size": [8, 1, 5], "uv": [24, 10]},
					{"origin": [-5, 7, -2], "size": [10, 1, 5], "uv": [28, 0]}
				]
			},
			{
				"name": "dvdrgdv",
				"parent": "body",
				"pivot": [4, 8, 0],
				"rotation": [0, 0, 35],
				"cubes": [
					{"origin": [4, 7, -7], "size": [2, 1, 5], "uv": [31, 17]},
					{"origin": [4, 7, 3], "size": [2, 1, 5], "uv": [31, 17]}
				]
			},
			{
				"name": "egregrv",
				"parent": "dvdrgdv",
				"pivot": [6, 8, 0],
				"rotation": [0, 0, 20],
				"cubes": [
					{"origin": [6, 7, -7], "size": [2, 1, 5], "uv": [31, 17]},
					{"origin": [6, 7, 3], "size": [2, 1, 5], "uv": [31, 17]}
				]
			},
			{
				"name": "eqgargv",
				"parent": "body",
				"pivot": [5, 8, 0],
				"rotation": [0, 0, 35],
				"cubes": [
					{"origin": [5, 7, -2], "size": [2, 1, 5], "uv": [31, 17]}
				]
			},
			{
				"name": "ewgr",
				"parent": "eqgargv",
				"pivot": [7, 8, 0],
				"rotation": [0, 0, 20],
				"cubes": [
					{"origin": [7, 7, -2], "size": [2, 1, 5], "uv": [31, 17]}
				]
			},
			{
				"name": "barvd",
				"parent": "body",
				"pivot": [-4, 8, 0],
				"rotation": [0, 0, -35],
				"cubes": [
					{"origin": [-6, 7, -7], "size": [2, 1, 5], "uv": [31, 17]},
					{"origin": [-6, 7, 3], "size": [2, 1, 5], "uv": [31, 17]}
				]
			},
			{
				"name": "sgbb",
				"parent": "barvd",
				"pivot": [-6, 8, 0],
				"rotation": [0, 0, -20],
				"cubes": [
					{"origin": [-8, 7, -7], "size": [2, 1, 5], "uv": [31, 17]},
					{"origin": [-8, 7, 3], "size": [2, 1, 5], "uv": [31, 17]}
				]
			},
			{
				"name": "wrggtrg",
				"parent": "body",
				"pivot": [-5, 8, 0],
				"rotation": [0, 0, -35],
				"cubes": [
					{"origin": [-7, 7, -2], "size": [2, 1, 5], "uv": [31, 17]}
				]
			},
			{
				"name": "brsbs",
				"parent": "wrggtrg",
				"pivot": [-7, 8, 0],
				"rotation": [0, 0, -20],
				"cubes": [
					{"origin": [-9, 7, -2], "size": [2, 1, 5], "uv": [31, 17]}
				]
			},
			{
				"name": "aefverv",
				"pivot": [0, 8, -7],
				"rotation": [20, 0, 0],
				"cubes": [
					{"origin": [-3, 7, -10], "size": [6, 1, 3], "uv": [16, 20]}
				]
			},
			{
				"name": "left_1",
				"pivot": [2, 2, -8],
				"rotation": [0, 0, 40],
				"cubes": [
					{"origin": [2, 1, -8], "size": [2, 1, 1], "uv": [24, 0]}
				]
			},
			{
				"name": "left_2",
				"pivot": [4, 2, -6],
				"rotation": [0, 0, 30],
				"cubes": [
					{"origin": [4, 1, -6], "size": [2, 1, 1], "uv": [24, 0]}
				]
			},
			{
				"name": "left_3",
				"pivot": [4, 2, -4],
				"rotation": [0, 0, 20],
				"cubes": [
					{"origin": [4, 1, -4], "size": [2, 1, 1], "uv": [24, 0]}
				]
			},
			{
				"name": "left_4",
				"pivot": [5, 2, -2],
				"rotation": [0, 0, 10],
				"cubes": [
					{"origin": [5, 1, -2], "size": [2, 1, 1], "uv": [24, 0]}
				]
			},
			{
				"name": "left_5",
				"pivot": [5, 2, 1],
				"cubes": [
					{"origin": [5, 1, 1], "size": [2, 1, 1], "uv": [24, 0]}
				]
			},
			{
				"name": "left_6",
				"pivot": [4, 2, 3],
				"rotation": [0, 0, -10],
				"cubes": [
					{"origin": [4, 1, 3], "size": [2, 1, 1], "uv": [24, 0]}
				]
			},
			{
				"name": "left_7",
				"pivot": [4, 2, 5],
				"rotation": [0, 0, -20],
				"cubes": [
					{"origin": [4, 1, 5], "size": [2, 1, 1], "uv": [24, 0]}
				]
			},
			{
				"name": "left_8",
				"pivot": [2, 2, 7],
				"rotation": [0, 0, -30],
				"cubes": [
					{"origin": [2, 1, 7], "size": [2, 1, 1], "uv": [24, 0]}
				]
			},
			{
				"name": "right_1",
				"pivot": [-2, 2, -8],
				"rotation": [0, 0, 40],
				"cubes": [
					{"origin": [-4, 1, -8], "size": [2, 1, 1], "uv": [24, 0]}
				]
			},
			{
				"name": "right_2",
				"pivot": [-4, 2, -6],
				"rotation": [0, 0, 30],
				"cubes": [
					{"origin": [-6, 1, -6], "size": [2, 1, 1], "uv": [24, 0]}
				]
			},
			{
				"name": "right_3",
				"pivot": [-4, 2, -4],
				"rotation": [0, 0, 20],
				"cubes": [
					{"origin": [-6, 1, -4], "size": [2, 1, 1], "uv": [24, 0]}
				]
			},
			{
				"name": "right_4",
				"pivot": [-5, 2, -2],
				"rotation": [0, 0, 10],
				"cubes": [
					{"origin": [-7, 1, -2], "size": [2, 1, 1], "uv": [24, 0]}
				]
			},
			{
				"name": "right_5",
				"pivot": [-5, 2, 1],
				"cubes": [
					{"origin": [-7, 1, 1], "size": [2, 1, 1], "uv": [24, 0]}
				]
			},
			{
				"name": "right_6",
				"pivot": [-4, 2, 3],
				"rotation": [0, 0, -10],
				"cubes": [
					{"origin": [-6, 1, 3], "size": [2, 1, 1], "uv": [24, 0]}
				]
			},
			{
				"name": "right_7",
				"pivot": [-4, 2, 5],
				"rotation": [0, 0, -20],
				"cubes": [
					{"origin": [-6, 1, 5], "size": [2, 1, 1], "uv": [24, 0]}
				]
			},
			{
				"name": "right_8",
				"pivot": [-2, 2, 7],
				"rotation": [0, 0, -30],
				"cubes": [
					{"origin": [-4, 1, 7], "size": [2, 1, 1], "uv": [24, 0]}
				]
			}
		]
	}
}