{
	"format_version": "1.8.0",
	"geometry.trauerr": {
		"texturewidth": 320,
		"textureheight": 320,
		"visible_bounds_width": 7,
		"visible_bounds_height": 7,
		"visible_bounds_offset": [0, 3.5, 0],
		"bones": [
			{
				"name": "main",
				"pivot": [0, 42, 0],
				"cubes": [
					{"origin": [-8, 34, -8], "size": [16, 16, 16], "uv": [0, 214]},
					{"origin": [8, 38, -4], "size": [8, 8, 8], "uv": [64, 214]},
					{"origin": [-16, 38, -4], "size": [8, 8, 8], "uv": [64, 230]},
					{"origin": [-4, 38, 8], "size": [8, 8, 8], "uv": [96, 214]},
					{"origin": [-4, 38, -16], "size": [8, 8, 8], "uv": [96, 230]}
				]
			},
			{
				"name": "ring3",
				"pivot": [0, 42, 0],
				"cubes": [
					{"origin": [-43, 0, 0], "size": [86, 86, 0], "uv": [0, 0]}
				]
			},
			{
				"name": "ring1",
				"pivot": [0, 42, 0],
				"cubes": [
					{"origin": [-25, 41, -25], "size": [50, 0, 50], "uv": [61, 91]}
				]
			},
			{
				"name": "ring2",
				"pivot": [0, 42, 0],
				"cubes": [
					{"origin": [0, 10, -32], "size": [0, 64, 64], "uv": [0, 86]}
				]
			}
		]
	}
}